name,model1_name,model2_name,model1_path,model2_path,ground_truth_path
codepen-AGomeO-dypvKvR,gemini,llama,https://huggingface.co/datasets/anim2code/baselines/resolve/main/gemini/20260421_081639_2fps/codepen-AGomeO-dypvKvR/animation_30fps.mp4,https://huggingface.co/datasets/anim2code/baselines/resolve/main/llama4_scout/20260422_044813_2fps/codepen-AGomeO-dypvKvR/animation_30fps.mp4,https://huggingface.co/datasets/anim2code/baselines/resolve/main/ground_truth/codepen-AGomeO-dypvKvR.mp4
codepen-AGomeO-jravZG,gemini,llama,https://huggingface.co/datasets/anim2code/baselines/resolve/main/gemini/20260421_081639_2fps/codepen-AGomeO-jravZG/animation_30fps.mp4,https://huggingface.co/datasets/anim2code/baselines/resolve/main/llama4_scout/20260422_044813_2fps/codepen-AGomeO-jravZG/animation_30fps.mp4,https://huggingface.co/datasets/anim2code/baselines/resolve/main/ground_truth/codepen-AGomeO-jravZG.mp4
codepen-AGomeO-xGwybB,gemini,llama,https://huggingface.co/datasets/anim2code/baselines/resolve/main/gemini/20260421_081639_2fps/codepen-AGomeO-xGwybB/animation_30fps.mp4,https://huggingface.co/datasets/anim2code/baselines/resolve/main/llama4_scout/20260422_044813_2fps/codepen-AGomeO-xGwybB/animation_30fps.mp4,https://huggingface.co/datasets/anim2code/baselines/resolve/main/ground_truth/codepen-AGomeO-xGwybB.mp4
codepen-AGomeO-zxypvL,gemini,llama,https://huggingface.co/datasets/anim2code/baselines/resolve/main/gemini/20260421_081639_2fps/codepen-AGomeO-zxypvL/animation_30fps.mp4,https://huggingface.co/datasets/anim2code/baselines/resolve/main/llama4_scout/20260422_044813_2fps/codepen-AGomeO-zxypvL/animation_30fps.mp4,https://huggingface.co/datasets/anim2code/baselines/resolve/main/ground_truth/codepen-AGomeO-zxypvL.mp4
codepen-AvEZRv-mdzXpap,gemini,llama,https://huggingface.co/datasets/anim2code/baselines/resolve/main/gemini/20260421_081639_2fps/codepen-AvEZRv-mdzXpap/animation_30fps.mp4,https://huggingface.co/datasets/anim2code/baselines/resolve/main/llama4_scout/20260422_044813_2fps/codepen-AvEZRv-mdzXpap/animation_30fps.mp4,https://huggingface.co/datasets/anim2code/baselines/resolve/main/ground_truth/codepen-AvEZRv-mdzXpap.mp4
codepen-DbqLwL-BxPgRB,gemini,llama,https://huggingface.co/datasets/anim2code/baselines/resolve/main/gemini/20260421_081639_2fps/codepen-DbqLwL-BxPgRB/animation_30fps.mp4,https://huggingface.co/datasets/anim2code/baselines/resolve/main/llama4_scout/20260422_044813_2fps/codepen-DbqLwL-BxPgRB/animation_30fps.mp4,https://huggingface.co/datasets/anim2code/baselines/resolve/main/ground_truth/codepen-DbqLwL-BxPgRB.mp4
codepen-DrPkOq-ExKzwwX,gemini,llama,https://huggingface.co/datasets/anim2code/baselines/resolve/main/gemini/20260421_081639_2fps/codepen-DrPkOq-ExKzwwX/animation_30fps.mp4,https://huggingface.co/datasets/anim2code/baselines/resolve/main/llama4_scout/20260422_044813_2fps/codepen-DrPkOq-ExKzwwX/animation_30fps.mp4,https://huggingface.co/datasets/anim2code/baselines/resolve/main/ground_truth/codepen-DrPkOq-ExKzwwX.mp4
codepen-DrPkOq-LYLYOYe,gemini,llama,https://huggingface.co/datasets/anim2code/baselines/resolve/main/gemini/20260421_081639_2fps/codepen-DrPkOq-LYLYOYe/animation_30fps.mp4,https://huggingface.co/datasets/anim2code/baselines/resolve/main/llama4_scout/20260422_044813_2fps/codepen-DrPkOq-LYLYOYe/animation_30fps.mp4,https://huggingface.co/datasets/anim2code/baselines/resolve/main/ground_truth/codepen-DrPkOq-LYLYOYe.mp4
codepen-DrPkOq-MWWvRRR,gemini,llama,https://huggingface.co/datasets/anim2code/baselines/resolve/main/gemini/20260421_081639_2fps/codepen-DrPkOq-MWWvRRR/animation_30fps.mp4,https://huggingface.co/datasets/anim2code/baselines/resolve/main/llama4_scout/20260422_044813_2fps/codepen-DrPkOq-MWWvRRR/animation_30fps.mp4,https://huggingface.co/datasets/anim2code/baselines/resolve/main/ground_truth/codepen-DrPkOq-MWWvRRR.mp4
codepen-DrPkOq-dyGdvmO,gemini,llama,https://huggingface.co/datasets/anim2code/baselines/resolve/main/gemini/20260421_081639_2fps/codepen-DrPkOq-dyGdvmO/animation_30fps.mp4,https://huggingface.co/datasets/anim2code/baselines/resolve/main/llama4_scout/20260422_044813_2fps/codepen-DrPkOq-dyGdvmO/animation_30fps.mp4,https://huggingface.co/datasets/anim2code/baselines/resolve/main/ground_truth/codepen-DrPkOq-dyGdvmO.mp4
codepen-DrPkOq-dyPorwJ,gemini,llama,https://huggingface.co/datasets/anim2code/baselines/resolve/main/gemini/20260421_081639_2fps/codepen-DrPkOq-dyPorwJ/animation_30fps.mp4,https://huggingface.co/datasets/anim2code/baselines/resolve/main/llama4_scout/20260422_044813_2fps/codepen-DrPkOq-dyPorwJ/animation_30fps.mp4,https://huggingface.co/datasets/anim2code/baselines/resolve/main/ground_truth/codepen-DrPkOq-dyPorwJ.mp4
codepen-DrPkOq-jOWMGON,gemini,llama,https://huggingface.co/datasets/anim2code/baselines/resolve/main/gemini/20260421_081639_2fps/codepen-DrPkOq-jOWMGON/animation_30fps.mp4,https://huggingface.co/datasets/anim2code/baselines/resolve/main/llama4_scout/20260422_044813_2fps/codepen-DrPkOq-jOWMGON/animation_30fps.mp4,https://huggingface.co/datasets/anim2code/baselines/resolve/main/ground_truth/codepen-DrPkOq-jOWMGON.mp4
codepen-DrPkOq-mdPjLGm,gemini,llama,https://huggingface.co/datasets/anim2code/baselines/resolve/main/gemini/20260421_081639_2fps/codepen-DrPkOq-mdPjLGm/animation_30fps.mp4,https://huggingface.co/datasets/anim2code/baselines/resolve/main/llama4_scout/20260422_044813_2fps/codepen-DrPkOq-mdPjLGm/animation_30fps.mp4,https://huggingface.co/datasets/anim2code/baselines/resolve/main/ground_truth/codepen-DrPkOq-mdPjLGm.mp4
codepen-DrPkOq-poyOMgr-1,gemini,llama,https://huggingface.co/datasets/anim2code/baselines/resolve/main/gemini/20260421_081639_2fps/codepen-DrPkOq-poyOMgr-1/animation_30fps.mp4,https://huggingface.co/datasets/anim2code/baselines/resolve/main/llama4_scout/20260422_044813_2fps/codepen-DrPkOq-poyOMgr-1/animation_30fps.mp4,https://huggingface.co/datasets/anim2code/baselines/resolve/main/ground_truth/codepen-DrPkOq-poyOMgr-1.mp4
codepen-DrPkOq-poyOMgr-2,gemini,llama,https://huggingface.co/datasets/anim2code/baselines/resolve/main/gemini/20260421_081639_2fps/codepen-DrPkOq-poyOMgr-2/animation_30fps.mp4,https://huggingface.co/datasets/anim2code/baselines/resolve/main/llama4_scout/20260422_044813_2fps/codepen-DrPkOq-poyOMgr-2/animation_30fps.mp4,https://huggingface.co/datasets/anim2code/baselines/resolve/main/ground_truth/codepen-DrPkOq-poyOMgr-2.mp4
codepen-DrPkOq-poyOMgr-3,gemini,llama,https://huggingface.co/datasets/anim2code/baselines/resolve/main/gemini/20260421_081639_2fps/codepen-DrPkOq-poyOMgr-3/animation_30fps.mp4,https://huggingface.co/datasets/anim2code/baselines/resolve/main/llama4_scout/20260422_044813_2fps/codepen-DrPkOq-poyOMgr-3/animation_30fps.mp4,https://huggingface.co/datasets/anim2code/baselines/resolve/main/ground_truth/codepen-DrPkOq-poyOMgr-3.mp4
codepen-DrPkOq-poyOMgr-4,gemini,llama,https://huggingface.co/datasets/anim2code/baselines/resolve/main/gemini/20260421_081639_2fps/codepen-DrPkOq-poyOMgr-4/animation_30fps.mp4,https://huggingface.co/datasets/anim2code/baselines/resolve/main/llama4_scout/20260422_044813_2fps/codepen-DrPkOq-poyOMgr-4/animation_30fps.mp4,https://huggingface.co/datasets/anim2code/baselines/resolve/main/ground_truth/codepen-DrPkOq-poyOMgr-4.mp4
codepen-DrPkOq-vYKVwgr,gemini,llama,https://huggingface.co/datasets/anim2code/baselines/resolve/main/gemini/20260421_081639_2fps/codepen-DrPkOq-vYKVwgr/animation_30fps.mp4,https://huggingface.co/datasets/anim2code/baselines/resolve/main/llama4_scout/20260422_044813_2fps/codepen-DrPkOq-vYKVwgr/animation_30fps.mp4,https://huggingface.co/datasets/anim2code/baselines/resolve/main/ground_truth/codepen-DrPkOq-vYKVwgr.mp4
codepen-DrPkOq-yLJJzOB,gemini,llama,https://huggingface.co/datasets/anim2code/baselines/resolve/main/gemini/20260421_081639_2fps/codepen-DrPkOq-yLJJzOB/animation_30fps.mp4,https://huggingface.co/datasets/anim2code/baselines/resolve/main/llama4_scout/20260422_044813_2fps/codepen-DrPkOq-yLJJzOB/animation_30fps.mp4,https://huggingface.co/datasets/anim2code/baselines/resolve/main/ground_truth/codepen-DrPkOq-yLJJzOB.mp4
codepen-XoYpMj-BmYGON,gemini,llama,https://huggingface.co/datasets/anim2code/baselines/resolve/main/gemini/20260421_081639_2fps/codepen-XoYpMj-BmYGON/animation_30fps.mp4,https://huggingface.co/datasets/anim2code/baselines/resolve/main/llama4_scout/20260422_044813_2fps/codepen-XoYpMj-BmYGON/animation_30fps.mp4,https://huggingface.co/datasets/anim2code/baselines/resolve/main/ground_truth/codepen-XoYpMj-BmYGON.mp4
codepen-XoYpMj-GRgqQqw,gemini,llama,https://huggingface.co/datasets/anim2code/baselines/resolve/main/gemini/20260421_081639_2fps/codepen-XoYpMj-GRgqQqw/animation_30fps.mp4,https://huggingface.co/datasets/anim2code/baselines/resolve/main/llama4_scout/20260422_044813_2fps/codepen-XoYpMj-GRgqQqw/animation_30fps.mp4,https://huggingface.co/datasets/anim2code/baselines/resolve/main/ground_truth/codepen-XoYpMj-GRgqQqw.mp4
codepen-XoYpMj-Jpwwxq-1,gemini,llama,https://huggingface.co/datasets/anim2code/baselines/resolve/main/gemini/20260421_081639_2fps/codepen-XoYpMj-Jpwwxq-1/animation_30fps.mp4,https://huggingface.co/datasets/anim2code/baselines/resolve/main/llama4_scout/20260422_044813_2fps/codepen-XoYpMj-Jpwwxq-1/animation_30fps.mp4,https://huggingface.co/datasets/anim2code/baselines/resolve/main/ground_truth/codepen-XoYpMj-Jpwwxq-1.mp4
codepen-XoYpMj-Jpwwxq-2,gemini,llama,https://huggingface.co/datasets/anim2code/baselines/resolve/main/gemini/20260421_081639_2fps/codepen-XoYpMj-Jpwwxq-2/animation_30fps.mp4,https://huggingface.co/datasets/anim2code/baselines/resolve/main/llama4_scout/20260422_044813_2fps/codepen-XoYpMj-Jpwwxq-2/animation_30fps.mp4,https://huggingface.co/datasets/anim2code/baselines/resolve/main/ground_truth/codepen-XoYpMj-Jpwwxq-2.mp4
codepen-XoYpMj-Jpwwxq-4,gemini,llama,https://huggingface.co/datasets/anim2code/baselines/resolve/main/gemini/20260421_081639_2fps/codepen-XoYpMj-Jpwwxq-4/animation_30fps.mp4,https://huggingface.co/datasets/anim2code/baselines/resolve/main/llama4_scout/20260422_044813_2fps/codepen-XoYpMj-Jpwwxq-4/animation_30fps.mp4,https://huggingface.co/datasets/anim2code/baselines/resolve/main/ground_truth/codepen-XoYpMj-Jpwwxq-4.mp4
codepen-XoYpMj-Jpwwxq-5,gemini,llama,https://huggingface.co/datasets/anim2code/baselines/resolve/main/gemini/20260421_081639_2fps/codepen-XoYpMj-Jpwwxq-5/animation_30fps.mp4,https://huggingface.co/datasets/anim2code/baselines/resolve/main/llama4_scout/20260422_044813_2fps/codepen-XoYpMj-Jpwwxq-5/animation_30fps.mp4,https://huggingface.co/datasets/anim2code/baselines/resolve/main/ground_truth/codepen-XoYpMj-Jpwwxq-5.mp4
codepen-XoYpMj-Jpwwxq-6,gemini,llama,https://huggingface.co/datasets/anim2code/baselines/resolve/main/gemini/20260421_081639_2fps/codepen-XoYpMj-Jpwwxq-6/animation_30fps.mp4,https://huggingface.co/datasets/anim2code/baselines/resolve/main/llama4_scout/20260422_044813_2fps/codepen-XoYpMj-Jpwwxq-6/animation_30fps.mp4,https://huggingface.co/datasets/anim2code/baselines/resolve/main/ground_truth/codepen-XoYpMj-Jpwwxq-6.mp4
codepen-XoYpMj-Jpwwxq-7,gemini,llama,https://huggingface.co/datasets/anim2code/baselines/resolve/main/gemini/20260421_081639_2fps/codepen-XoYpMj-Jpwwxq-7/animation_30fps.mp4,https://huggingface.co/datasets/anim2code/baselines/resolve/main/llama4_scout/20260422_044813_2fps/codepen-XoYpMj-Jpwwxq-7/animation_30fps.mp4,https://huggingface.co/datasets/anim2code/baselines/resolve/main/ground_truth/codepen-XoYpMj-Jpwwxq-7.mp4
codepen-XoYpMj-Jpwwxq-8,gemini,llama,https://huggingface.co/datasets/anim2code/baselines/resolve/main/gemini/20260421_081639_2fps/codepen-XoYpMj-Jpwwxq-8/animation_30fps.mp4,https://huggingface.co/datasets/anim2code/baselines/resolve/main/llama4_scout/20260422_044813_2fps/codepen-XoYpMj-Jpwwxq-8/animation_30fps.mp4,https://huggingface.co/datasets/anim2code/baselines/resolve/main/ground_truth/codepen-XoYpMj-Jpwwxq-8.mp4
codepen-XoYpMj-Jpwwxq-9,gemini,llama,https://huggingface.co/datasets/anim2code/baselines/resolve/main/gemini/20260421_081639_2fps/codepen-XoYpMj-Jpwwxq-9/animation_30fps.mp4,https://huggingface.co/datasets/anim2code/baselines/resolve/main/llama4_scout/20260422_044813_2fps/codepen-XoYpMj-Jpwwxq-9/animation_30fps.mp4,https://huggingface.co/datasets/anim2code/baselines/resolve/main/ground_truth/codepen-XoYpMj-Jpwwxq-9.mp4
codepen-XoYpMj-MWyBKBR,gemini,llama,https://huggingface.co/datasets/anim2code/baselines/resolve/main/gemini/20260421_081639_2fps/codepen-XoYpMj-MWyBKBR/animation_30fps.mp4,https://huggingface.co/datasets/anim2code/baselines/resolve/main/llama4_scout/20260422_044813_2fps/codepen-XoYpMj-MWyBKBR/animation_30fps.mp4,https://huggingface.co/datasets/anim2code/baselines/resolve/main/ground_truth/codepen-XoYpMj-MWyBKBR.mp4
codepen-XoYpMj-OGwmOV,gemini,llama,https://huggingface.co/datasets/anim2code/baselines/resolve/main/gemini/20260421_081639_2fps/codepen-XoYpMj-OGwmOV/animation_30fps.mp4,https://huggingface.co/datasets/anim2code/baselines/resolve/main/llama4_scout/20260422_044813_2fps/codepen-XoYpMj-OGwmOV/animation_30fps.mp4,https://huggingface.co/datasets/anim2code/baselines/resolve/main/ground_truth/codepen-XoYpMj-OGwmOV.mp4
codepen-XoYpMj-PgpWPO,gemini,llama,https://huggingface.co/datasets/anim2code/baselines/resolve/main/gemini/20260421_081639_2fps/codepen-XoYpMj-PgpWPO/animation_30fps.mp4,https://huggingface.co/datasets/anim2code/baselines/resolve/main/llama4_scout/20260422_044813_2fps/codepen-XoYpMj-PgpWPO/animation_30fps.mp4,https://huggingface.co/datasets/anim2code/baselines/resolve/main/ground_truth/codepen-XoYpMj-PgpWPO.mp4
codepen-XoYpMj-RLzzaz,gemini,llama,https://huggingface.co/datasets/anim2code/baselines/resolve/main/gemini/20260421_081639_2fps/codepen-XoYpMj-RLzzaz/animation_30fps.mp4,https://huggingface.co/datasets/anim2code/baselines/resolve/main/llama4_scout/20260422_044813_2fps/codepen-XoYpMj-RLzzaz/animation_30fps.mp4,https://huggingface.co/datasets/anim2code/baselines/resolve/main/ground_truth/codepen-XoYpMj-RLzzaz.mp4
codepen-XoYpMj-VrOoKB,gemini,llama,https://huggingface.co/datasets/anim2code/baselines/resolve/main/gemini/20260421_081639_2fps/codepen-XoYpMj-VrOoKB/animation_30fps.mp4,https://huggingface.co/datasets/anim2code/baselines/resolve/main/llama4_scout/20260422_044813_2fps/codepen-XoYpMj-VrOoKB/animation_30fps.mp4,https://huggingface.co/datasets/anim2code/baselines/resolve/main/ground_truth/codepen-XoYpMj-VrOoKB.mp4
codepen-XoYpMj-WXyRJB,gemini,llama,https://huggingface.co/datasets/anim2code/baselines/resolve/main/gemini/20260421_081639_2fps/codepen-XoYpMj-WXyRJB/animation_30fps.mp4,https://huggingface.co/datasets/anim2code/baselines/resolve/main/llama4_scout/20260422_044813_2fps/codepen-XoYpMj-WXyRJB/animation_30fps.mp4,https://huggingface.co/datasets/anim2code/baselines/resolve/main/ground_truth/codepen-XoYpMj-WXyRJB.mp4
codepen-XoYpMj-YxPQyJ,gemini,llama,https://huggingface.co/datasets/anim2code/baselines/resolve/main/gemini/20260421_081639_2fps/codepen-XoYpMj-YxPQyJ/animation_30fps.mp4,https://huggingface.co/datasets/anim2code/baselines/resolve/main/llama4_scout/20260422_044813_2fps/codepen-XoYpMj-YxPQyJ/animation_30fps.mp4,https://huggingface.co/datasets/anim2code/baselines/resolve/main/ground_truth/codepen-XoYpMj-YxPQyJ.mp4
codepen-XoYpMj-YzZwQJO,gemini,llama,https://huggingface.co/datasets/anim2code/baselines/resolve/main/gemini/20260421_081639_2fps/codepen-XoYpMj-YzZwQJO/animation_30fps.mp4,https://huggingface.co/datasets/anim2code/baselines/resolve/main/llama4_scout/20260422_044813_2fps/codepen-XoYpMj-YzZwQJO/animation_30fps.mp4,https://huggingface.co/datasets/anim2code/baselines/resolve/main/ground_truth/codepen-XoYpMj-YzZwQJO.mp4
codepen-XoYpMj-ZwQzOr,gemini,llama,https://huggingface.co/datasets/anim2code/baselines/resolve/main/gemini/20260421_081639_2fps/codepen-XoYpMj-ZwQzOr/animation_30fps.mp4,https://huggingface.co/datasets/anim2code/baselines/resolve/main/llama4_scout/20260422_044813_2fps/codepen-XoYpMj-ZwQzOr/animation_30fps.mp4,https://huggingface.co/datasets/anim2code/baselines/resolve/main/ground_truth/codepen-XoYpMj-ZwQzOr.mp4
codepen-XoYpMj-bGEVErE,gemini,llama,https://huggingface.co/datasets/anim2code/baselines/resolve/main/gemini/20260421_081639_2fps/codepen-XoYpMj-bGEVErE/animation_30fps.mp4,https://huggingface.co/datasets/anim2code/baselines/resolve/main/llama4_scout/20260422_044813_2fps/codepen-XoYpMj-bGEVErE/animation_30fps.mp4,https://huggingface.co/datasets/anim2code/baselines/resolve/main/ground_truth/codepen-XoYpMj-bGEVErE.mp4
codepen-XoYpMj-bGezNrW,gemini,llama,https://huggingface.co/datasets/anim2code/baselines/resolve/main/gemini/20260421_081639_2fps/codepen-XoYpMj-bGezNrW/animation_30fps.mp4,https://huggingface.co/datasets/anim2code/baselines/resolve/main/llama4_scout/20260422_044813_2fps/codepen-XoYpMj-bGezNrW/animation_30fps.mp4,https://huggingface.co/datasets/anim2code/baselines/resolve/main/ground_truth/codepen-XoYpMj-bGezNrW.mp4
codepen-XoYpMj-dVEMQL,gemini,llama,https://huggingface.co/datasets/anim2code/baselines/resolve/main/gemini/20260421_081639_2fps/codepen-XoYpMj-dVEMQL/animation_30fps.mp4,https://huggingface.co/datasets/anim2code/baselines/resolve/main/llama4_scout/20260422_044813_2fps/codepen-XoYpMj-dVEMQL/animation_30fps.mp4,https://huggingface.co/datasets/anim2code/baselines/resolve/main/ground_truth/codepen-XoYpMj-dVEMQL.mp4
codepen-XoYpMj-eerWPq,gemini,llama,https://huggingface.co/datasets/anim2code/baselines/resolve/main/gemini/20260421_081639_2fps/codepen-XoYpMj-eerWPq/animation_30fps.mp4,https://huggingface.co/datasets/anim2code/baselines/resolve/main/llama4_scout/20260422_044813_2fps/codepen-XoYpMj-eerWPq/animation_30fps.mp4,https://huggingface.co/datasets/anim2code/baselines/resolve/main/ground_truth/codepen-XoYpMj-eerWPq.mp4
codepen-XoYpMj-eobqyj,gemini,llama,https://huggingface.co/datasets/anim2code/baselines/resolve/main/gemini/20260421_081639_2fps/codepen-XoYpMj-eobqyj/animation_30fps.mp4,https://huggingface.co/datasets/anim2code/baselines/resolve/main/llama4_scout/20260422_044813_2fps/codepen-XoYpMj-eobqyj/animation_30fps.mp4,https://huggingface.co/datasets/anim2code/baselines/resolve/main/ground_truth/codepen-XoYpMj-eobqyj.mp4
codepen-XoYpMj-gGYPwy,gemini,llama,https://huggingface.co/datasets/anim2code/baselines/resolve/main/gemini/20260421_081639_2fps/codepen-XoYpMj-gGYPwy/animation_30fps.mp4,https://huggingface.co/datasets/anim2code/baselines/resolve/main/llama4_scout/20260422_044813_2fps/codepen-XoYpMj-gGYPwy/animation_30fps.mp4,https://huggingface.co/datasets/anim2code/baselines/resolve/main/ground_truth/codepen-XoYpMj-gGYPwy.mp4
codepen-XoYpMj-goJmRm,gemini,llama,https://huggingface.co/datasets/anim2code/baselines/resolve/main/gemini/20260421_081639_2fps/codepen-XoYpMj-goJmRm/animation_30fps.mp4,https://huggingface.co/datasets/anim2code/baselines/resolve/main/llama4_scout/20260422_044813_2fps/codepen-XoYpMj-goJmRm/animation_30fps.mp4,https://huggingface.co/datasets/anim2code/baselines/resolve/main/ground_truth/codepen-XoYpMj-goJmRm.mp4
codepen-XoYpMj-jzpgWP,gemini,llama,https://huggingface.co/datasets/anim2code/baselines/resolve/main/gemini/20260421_081639_2fps/codepen-XoYpMj-jzpgWP/animation_30fps.mp4,https://huggingface.co/datasets/anim2code/baselines/resolve/main/llama4_scout/20260422_044813_2fps/codepen-XoYpMj-jzpgWP/animation_30fps.mp4,https://huggingface.co/datasets/anim2code/baselines/resolve/main/ground_truth/codepen-XoYpMj-jzpgWP.mp4
codepen-XoYpMj-oGgbaq,gemini,llama,https://huggingface.co/datasets/anim2code/baselines/resolve/main/gemini/20260421_081639_2fps/codepen-XoYpMj-oGgbaq/animation_30fps.mp4,https://huggingface.co/datasets/anim2code/baselines/resolve/main/llama4_scout/20260422_044813_2fps/codepen-XoYpMj-oGgbaq/animation_30fps.mp4,https://huggingface.co/datasets/anim2code/baselines/resolve/main/ground_truth/codepen-XoYpMj-oGgbaq.mp4
codepen-XoYpMj-oavbzK,gemini,llama,https://huggingface.co/datasets/anim2code/baselines/resolve/main/gemini/20260421_081639_2fps/codepen-XoYpMj-oavbzK/animation_30fps.mp4,https://huggingface.co/datasets/anim2code/baselines/resolve/main/llama4_scout/20260422_044813_2fps/codepen-XoYpMj-oavbzK/animation_30fps.mp4,https://huggingface.co/datasets/anim2code/baselines/resolve/main/ground_truth/codepen-XoYpMj-oavbzK.mp4
codepen-XoYpMj-rZjYvX,gemini,llama,https://huggingface.co/datasets/anim2code/baselines/resolve/main/gemini/20260421_081639_2fps/codepen-XoYpMj-rZjYvX/animation_30fps.mp4,https://huggingface.co/datasets/anim2code/baselines/resolve/main/llama4_scout/20260422_044813_2fps/codepen-XoYpMj-rZjYvX/animation_30fps.mp4,https://huggingface.co/datasets/anim2code/baselines/resolve/main/ground_truth/codepen-XoYpMj-rZjYvX.mp4
codepen-XoYpMj-xxbNrYd,gemini,llama,https://huggingface.co/datasets/anim2code/baselines/resolve/main/gemini/20260421_081639_2fps/codepen-XoYpMj-xxbNrYd/animation_30fps.mp4,https://huggingface.co/datasets/anim2code/baselines/resolve/main/llama4_scout/20260422_044813_2fps/codepen-XoYpMj-xxbNrYd/animation_30fps.mp4,https://huggingface.co/datasets/anim2code/baselines/resolve/main/ground_truth/codepen-XoYpMj-xxbNrYd.mp4
codepen-XoYpMj-yEeRVO,gemini,llama,https://huggingface.co/datasets/anim2code/baselines/resolve/main/gemini/20260421_081639_2fps/codepen-XoYpMj-yEeRVO/animation_30fps.mp4,https://huggingface.co/datasets/anim2code/baselines/resolve/main/llama4_scout/20260422_044813_2fps/codepen-XoYpMj-yEeRVO/animation_30fps.mp4,https://huggingface.co/datasets/anim2code/baselines/resolve/main/ground_truth/codepen-XoYpMj-yEeRVO.mp4
codepen-XoYpMj-yLMYqmb,gemini,llama,https://huggingface.co/datasets/anim2code/baselines/resolve/main/gemini/20260421_081639_2fps/codepen-XoYpMj-yLMYqmb/animation_30fps.mp4,https://huggingface.co/datasets/anim2code/baselines/resolve/main/llama4_scout/20260422_044813_2fps/codepen-XoYpMj-yLMYqmb/animation_30fps.mp4,https://huggingface.co/datasets/anim2code/baselines/resolve/main/ground_truth/codepen-XoYpMj-yLMYqmb.mp4
codepen-XoYpMj-zdQqYO,gemini,llama,https://huggingface.co/datasets/anim2code/baselines/resolve/main/gemini/20260421_081639_2fps/codepen-XoYpMj-zdQqYO/animation_30fps.mp4,https://huggingface.co/datasets/anim2code/baselines/resolve/main/llama4_scout/20260422_044813_2fps/codepen-XoYpMj-zdQqYO/animation_30fps.mp4,https://huggingface.co/datasets/anim2code/baselines/resolve/main/ground_truth/codepen-XoYpMj-zdQqYO.mp4
codepen-XzxeNJ-rVvxRE,gemini,llama,https://huggingface.co/datasets/anim2code/baselines/resolve/main/gemini/20260421_081639_2fps/codepen-XzxeNJ-rVvxRE/animation_30fps.mp4,https://huggingface.co/datasets/anim2code/baselines/resolve/main/llama4_scout/20260422_044813_2fps/codepen-XzxeNJ-rVvxRE/animation_30fps.mp4,https://huggingface.co/datasets/anim2code/baselines/resolve/main/ground_truth/codepen-XzxeNJ-rVvxRE.mp4
codepen-Xzxwvg-vOKgey,gemini,llama,https://huggingface.co/datasets/anim2code/baselines/resolve/main/gemini/20260421_081639_2fps/codepen-Xzxwvg-vOKgey/animation_30fps.mp4,https://huggingface.co/datasets/anim2code/baselines/resolve/main/llama4_scout/20260422_044813_2fps/codepen-Xzxwvg-vOKgey/animation_30fps.mp4,https://huggingface.co/datasets/anim2code/baselines/resolve/main/ground_truth/codepen-Xzxwvg-vOKgey.mp4
codepen-bNVaaq-GNjwvE,gemini,llama,https://huggingface.co/datasets/anim2code/baselines/resolve/main/gemini/20260421_081639_2fps/codepen-bNVaaq-GNjwvE/animation_30fps.mp4,https://huggingface.co/datasets/anim2code/baselines/resolve/main/llama4_scout/20260422_044813_2fps/codepen-bNVaaq-GNjwvE/animation_30fps.mp4,https://huggingface.co/datasets/anim2code/baselines/resolve/main/ground_truth/codepen-bNVaaq-GNjwvE.mp4
codepen-bNVaaq-LKgpOr,gemini,llama,https://huggingface.co/datasets/anim2code/baselines/resolve/main/gemini/20260421_081639_2fps/codepen-bNVaaq-LKgpOr/animation_30fps.mp4,https://huggingface.co/datasets/anim2code/baselines/resolve/main/llama4_scout/20260422_044813_2fps/codepen-bNVaaq-LKgpOr/animation_30fps.mp4,https://huggingface.co/datasets/anim2code/baselines/resolve/main/ground_truth/codepen-bNVaaq-LKgpOr.mp4
codepen-bNVaaq-aZrKdV,gemini,llama,https://huggingface.co/datasets/anim2code/baselines/resolve/main/gemini/20260421_081639_2fps/codepen-bNVaaq-aZrKdV/animation_30fps.mp4,https://huggingface.co/datasets/anim2code/baselines/resolve/main/llama4_scout/20260422_044813_2fps/codepen-bNVaaq-aZrKdV/animation_30fps.mp4,https://huggingface.co/datasets/anim2code/baselines/resolve/main/ground_truth/codepen-bNVaaq-aZrKdV.mp4
codepen-bNVaaq-awbZPV,gemini,llama,https://huggingface.co/datasets/anim2code/baselines/resolve/main/gemini/20260421_081639_2fps/codepen-bNVaaq-awbZPV/animation_30fps.mp4,https://huggingface.co/datasets/anim2code/baselines/resolve/main/llama4_scout/20260422_044813_2fps/codepen-bNVaaq-awbZPV/animation_30fps.mp4,https://huggingface.co/datasets/anim2code/baselines/resolve/main/ground_truth/codepen-bNVaaq-awbZPV.mp4
codepen-bNVaaq-eRZZEv,gemini,llama,https://huggingface.co/datasets/anim2code/baselines/resolve/main/gemini/20260421_081639_2fps/codepen-bNVaaq-eRZZEv/animation_30fps.mp4,https://huggingface.co/datasets/anim2code/baselines/resolve/main/llama4_scout/20260422_044813_2fps/codepen-bNVaaq-eRZZEv/animation_30fps.mp4,https://huggingface.co/datasets/anim2code/baselines/resolve/main/ground_truth/codepen-bNVaaq-eRZZEv.mp4
codepen-bNVaaq-kNEmxz,gemini,llama,https://huggingface.co/datasets/anim2code/baselines/resolve/main/gemini/20260421_081639_2fps/codepen-bNVaaq-kNEmxz/animation_30fps.mp4,https://huggingface.co/datasets/anim2code/baselines/resolve/main/llama4_scout/20260422_044813_2fps/codepen-bNVaaq-kNEmxz/animation_30fps.mp4,https://huggingface.co/datasets/anim2code/baselines/resolve/main/ground_truth/codepen-bNVaaq-kNEmxz.mp4
codepen-eJgpgP-MWrybQN,gemini,llama,https://huggingface.co/datasets/anim2code/baselines/resolve/main/gemini/20260421_081639_2fps/codepen-eJgpgP-MWrybQN/animation_30fps.mp4,https://huggingface.co/datasets/anim2code/baselines/resolve/main/llama4_scout/20260422_044813_2fps/codepen-eJgpgP-MWrybQN/animation_30fps.mp4,https://huggingface.co/datasets/anim2code/baselines/resolve/main/ground_truth/codepen-eJgpgP-MWrybQN.mp4
codepen-eJgpgP-NWXNbBo,gemini,llama,https://huggingface.co/datasets/anim2code/baselines/resolve/main/gemini/20260421_081639_2fps/codepen-eJgpgP-NWXNbBo/animation_30fps.mp4,https://huggingface.co/datasets/anim2code/baselines/resolve/main/llama4_scout/20260422_044813_2fps/codepen-eJgpgP-NWXNbBo/animation_30fps.mp4,https://huggingface.co/datasets/anim2code/baselines/resolve/main/ground_truth/codepen-eJgpgP-NWXNbBo.mp4
codepen-nMvkWD-eYNMLr,gemini,llama,https://huggingface.co/datasets/anim2code/baselines/resolve/main/gemini/20260421_081639_2fps/codepen-nMvkWD-eYNMLr/animation_30fps.mp4,https://huggingface.co/datasets/anim2code/baselines/resolve/main/llama4_scout/20260422_044813_2fps/codepen-nMvkWD-eYNMLr/animation_30fps.mp4,https://huggingface.co/datasets/anim2code/baselines/resolve/main/ground_truth/codepen-nMvkWD-eYNMLr.mp4
codepen-wkoYjm-LYpzqZW,gemini,llama,https://huggingface.co/datasets/anim2code/baselines/resolve/main/gemini/20260421_081639_2fps/codepen-wkoYjm-LYpzqZW/animation_30fps.mp4,https://huggingface.co/datasets/anim2code/baselines/resolve/main/llama4_scout/20260422_044813_2fps/codepen-wkoYjm-LYpzqZW/animation_30fps.mp4,https://huggingface.co/datasets/anim2code/baselines/resolve/main/ground_truth/codepen-wkoYjm-LYpzqZW.mp4
codepen-wkoYjm-PoeMRWq,gemini,llama,https://huggingface.co/datasets/anim2code/baselines/resolve/main/gemini/20260421_081639_2fps/codepen-wkoYjm-PoeMRWq/animation_30fps.mp4,https://huggingface.co/datasets/anim2code/baselines/resolve/main/llama4_scout/20260422_044813_2fps/codepen-wkoYjm-PoeMRWq/animation_30fps.mp4,https://huggingface.co/datasets/anim2code/baselines/resolve/main/ground_truth/codepen-wkoYjm-PoeMRWq.mp4
codepen-wkoYjm-YQQwgR,gemini,llama,https://huggingface.co/datasets/anim2code/baselines/resolve/main/gemini/20260421_081639_2fps/codepen-wkoYjm-YQQwgR/animation_30fps.mp4,https://huggingface.co/datasets/anim2code/baselines/resolve/main/llama4_scout/20260422_044813_2fps/codepen-wkoYjm-YQQwgR/animation_30fps.mp4,https://huggingface.co/datasets/anim2code/baselines/resolve/main/ground_truth/codepen-wkoYjm-YQQwgR.mp4
codepen-zaXqRn-AGOVrM-1,gemini,llama,https://huggingface.co/datasets/anim2code/baselines/resolve/main/gemini/20260421_081639_2fps/codepen-zaXqRn-AGOVrM-1/animation_30fps.mp4,https://huggingface.co/datasets/anim2code/baselines/resolve/main/llama4_scout/20260422_044813_2fps/codepen-zaXqRn-AGOVrM-1/animation_30fps.mp4,https://huggingface.co/datasets/anim2code/baselines/resolve/main/ground_truth/codepen-zaXqRn-AGOVrM-1.mp4
codepen-zaXqRn-AGOVrM-2,gemini,llama,https://huggingface.co/datasets/anim2code/baselines/resolve/main/gemini/20260421_081639_2fps/codepen-zaXqRn-AGOVrM-2/animation_30fps.mp4,https://huggingface.co/datasets/anim2code/baselines/resolve/main/llama4_scout/20260422_044813_2fps/codepen-zaXqRn-AGOVrM-2/animation_30fps.mp4,https://huggingface.co/datasets/anim2code/baselines/resolve/main/ground_truth/codepen-zaXqRn-AGOVrM-2.mp4
codepen-zaXqRn-AGOVrM-3,gemini,llama,https://huggingface.co/datasets/anim2code/baselines/resolve/main/gemini/20260421_081639_2fps/codepen-zaXqRn-AGOVrM-3/animation_30fps.mp4,https://huggingface.co/datasets/anim2code/baselines/resolve/main/llama4_scout/20260422_044813_2fps/codepen-zaXqRn-AGOVrM-3/animation_30fps.mp4,https://huggingface.co/datasets/anim2code/baselines/resolve/main/ground_truth/codepen-zaXqRn-AGOVrM-3.mp4
codepen-zaXqRn-AGOVrM-4,gemini,llama,https://huggingface.co/datasets/anim2code/baselines/resolve/main/gemini/20260421_081639_2fps/codepen-zaXqRn-AGOVrM-4/animation_30fps.mp4,https://huggingface.co/datasets/anim2code/baselines/resolve/main/llama4_scout/20260422_044813_2fps/codepen-zaXqRn-AGOVrM-4/animation_30fps.mp4,https://huggingface.co/datasets/anim2code/baselines/resolve/main/ground_truth/codepen-zaXqRn-AGOVrM-4.mp4
codepen-zaXqRn-AGOVrM-5,gemini,llama,https://huggingface.co/datasets/anim2code/baselines/resolve/main/gemini/20260421_081639_2fps/codepen-zaXqRn-AGOVrM-5/animation_30fps.mp4,https://huggingface.co/datasets/anim2code/baselines/resolve/main/llama4_scout/20260422_044813_2fps/codepen-zaXqRn-AGOVrM-5/animation_30fps.mp4,https://huggingface.co/datasets/anim2code/baselines/resolve/main/ground_truth/codepen-zaXqRn-AGOVrM-5.mp4
codepen-zaXqRn-AGOVrM-6,gemini,llama,https://huggingface.co/datasets/anim2code/baselines/resolve/main/gemini/20260421_081639_2fps/codepen-zaXqRn-AGOVrM-6/animation_30fps.mp4,https://huggingface.co/datasets/anim2code/baselines/resolve/main/llama4_scout/20260422_044813_2fps/codepen-zaXqRn-AGOVrM-6/animation_30fps.mp4,https://huggingface.co/datasets/anim2code/baselines/resolve/main/ground_truth/codepen-zaXqRn-AGOVrM-6.mp4
codepen-zaXqRn-AXVvNw,gemini,llama,https://huggingface.co/datasets/anim2code/baselines/resolve/main/gemini/20260421_081639_2fps/codepen-zaXqRn-AXVvNw/animation_30fps.mp4,https://huggingface.co/datasets/anim2code/baselines/resolve/main/llama4_scout/20260422_044813_2fps/codepen-zaXqRn-AXVvNw/animation_30fps.mp4,https://huggingface.co/datasets/anim2code/baselines/resolve/main/ground_truth/codepen-zaXqRn-AXVvNw.mp4
codepen-zaXqRn-BajROO-2,gemini,llama,https://huggingface.co/datasets/anim2code/baselines/resolve/main/gemini/20260421_081639_2fps/codepen-zaXqRn-BajROO-2/animation_30fps.mp4,https://huggingface.co/datasets/anim2code/baselines/resolve/main/llama4_scout/20260422_044813_2fps/codepen-zaXqRn-BajROO-2/animation_30fps.mp4,https://huggingface.co/datasets/anim2code/baselines/resolve/main/ground_truth/codepen-zaXqRn-BajROO-2.mp4
codepen-zaXqRn-BajROO-4,gemini,llama,https://huggingface.co/datasets/anim2code/baselines/resolve/main/gemini/20260421_081639_2fps/codepen-zaXqRn-BajROO-4/animation_30fps.mp4,https://huggingface.co/datasets/anim2code/baselines/resolve/main/llama4_scout/20260422_044813_2fps/codepen-zaXqRn-BajROO-4/animation_30fps.mp4,https://huggingface.co/datasets/anim2code/baselines/resolve/main/ground_truth/codepen-zaXqRn-BajROO-4.mp4
codepen-zaXqRn-BajROO-5,gemini,llama,https://huggingface.co/datasets/anim2code/baselines/resolve/main/gemini/20260421_081639_2fps/codepen-zaXqRn-BajROO-5/animation_30fps.mp4,https://huggingface.co/datasets/anim2code/baselines/resolve/main/llama4_scout/20260422_044813_2fps/codepen-zaXqRn-BajROO-5/animation_30fps.mp4,https://huggingface.co/datasets/anim2code/baselines/resolve/main/ground_truth/codepen-zaXqRn-BajROO-5.mp4
codepen-zaXqRn-BajROO-6,gemini,llama,https://huggingface.co/datasets/anim2code/baselines/resolve/main/gemini/20260421_081639_2fps/codepen-zaXqRn-BajROO-6/animation_30fps.mp4,https://huggingface.co/datasets/anim2code/baselines/resolve/main/llama4_scout/20260422_044813_2fps/codepen-zaXqRn-BajROO-6/animation_30fps.mp4,https://huggingface.co/datasets/anim2code/baselines/resolve/main/ground_truth/codepen-zaXqRn-BajROO-6.mp4
codepen-zaXqRn-DJGQgb-1,gemini,llama,https://huggingface.co/datasets/anim2code/baselines/resolve/main/gemini/20260421_081639_2fps/codepen-zaXqRn-DJGQgb-1/animation_30fps.mp4,https://huggingface.co/datasets/anim2code/baselines/resolve/main/llama4_scout/20260422_044813_2fps/codepen-zaXqRn-DJGQgb-1/animation_30fps.mp4,https://huggingface.co/datasets/anim2code/baselines/resolve/main/ground_truth/codepen-zaXqRn-DJGQgb-1.mp4
codepen-zaXqRn-DJGQgb-2,gemini,llama,https://huggingface.co/datasets/anim2code/baselines/resolve/main/gemini/20260421_081639_2fps/codepen-zaXqRn-DJGQgb-2/animation_30fps.mp4,https://huggingface.co/datasets/anim2code/baselines/resolve/main/llama4_scout/20260422_044813_2fps/codepen-zaXqRn-DJGQgb-2/animation_30fps.mp4,https://huggingface.co/datasets/anim2code/baselines/resolve/main/ground_truth/codepen-zaXqRn-DJGQgb-2.mp4
codepen-zaXqRn-DJGQgb-3,gemini,llama,https://huggingface.co/datasets/anim2code/baselines/resolve/main/gemini/20260421_081639_2fps/codepen-zaXqRn-DJGQgb-3/animation_30fps.mp4,https://huggingface.co/datasets/anim2code/baselines/resolve/main/llama4_scout/20260422_044813_2fps/codepen-zaXqRn-DJGQgb-3/animation_30fps.mp4,https://huggingface.co/datasets/anim2code/baselines/resolve/main/ground_truth/codepen-zaXqRn-DJGQgb-3.mp4
codepen-zaXqRn-DJGQgb-4,gemini,llama,https://huggingface.co/datasets/anim2code/baselines/resolve/main/gemini/20260421_081639_2fps/codepen-zaXqRn-DJGQgb-4/animation_30fps.mp4,https://huggingface.co/datasets/anim2code/baselines/resolve/main/llama4_scout/20260422_044813_2fps/codepen-zaXqRn-DJGQgb-4/animation_30fps.mp4,https://huggingface.co/datasets/anim2code/baselines/resolve/main/ground_truth/codepen-zaXqRn-DJGQgb-4.mp4
codepen-zaXqRn-DJGQgb-5,gemini,llama,https://huggingface.co/datasets/anim2code/baselines/resolve/main/gemini/20260421_081639_2fps/codepen-zaXqRn-DJGQgb-5/animation_30fps.mp4,https://huggingface.co/datasets/anim2code/baselines/resolve/main/llama4_scout/20260422_044813_2fps/codepen-zaXqRn-DJGQgb-5/animation_30fps.mp4,https://huggingface.co/datasets/anim2code/baselines/resolve/main/ground_truth/codepen-zaXqRn-DJGQgb-5.mp4
codepen-zaXqRn-DJGQgb-6,gemini,llama,https://huggingface.co/datasets/anim2code/baselines/resolve/main/gemini/20260421_081639_2fps/codepen-zaXqRn-DJGQgb-6/animation_30fps.mp4,https://huggingface.co/datasets/anim2code/baselines/resolve/main/llama4_scout/20260422_044813_2fps/codepen-zaXqRn-DJGQgb-6/animation_30fps.mp4,https://huggingface.co/datasets/anim2code/baselines/resolve/main/ground_truth/codepen-zaXqRn-DJGQgb-6.mp4
codepen-zaXqRn-DJGQgb-7,gemini,llama,https://huggingface.co/datasets/anim2code/baselines/resolve/main/gemini/20260421_081639_2fps/codepen-zaXqRn-DJGQgb-7/animation_30fps.mp4,https://huggingface.co/datasets/anim2code/baselines/resolve/main/llama4_scout/20260422_044813_2fps/codepen-zaXqRn-DJGQgb-7/animation_30fps.mp4,https://huggingface.co/datasets/anim2code/baselines/resolve/main/ground_truth/codepen-zaXqRn-DJGQgb-7.mp4
codepen-zaXqRn-DJGQgb-8,gemini,llama,https://huggingface.co/datasets/anim2code/baselines/resolve/main/gemini/20260421_081639_2fps/codepen-zaXqRn-DJGQgb-8/animation_30fps.mp4,https://huggingface.co/datasets/anim2code/baselines/resolve/main/llama4_scout/20260422_044813_2fps/codepen-zaXqRn-DJGQgb-8/animation_30fps.mp4,https://huggingface.co/datasets/anim2code/baselines/resolve/main/ground_truth/codepen-zaXqRn-DJGQgb-8.mp4
codepen-zaXqRn-DJGQgb-9,gemini,llama,https://huggingface.co/datasets/anim2code/baselines/resolve/main/gemini/20260421_081639_2fps/codepen-zaXqRn-DJGQgb-9/animation_30fps.mp4,https://huggingface.co/datasets/anim2code/baselines/resolve/main/llama4_scout/20260422_044813_2fps/codepen-zaXqRn-DJGQgb-9/animation_30fps.mp4,https://huggingface.co/datasets/anim2code/baselines/resolve/main/ground_truth/codepen-zaXqRn-DJGQgb-9.mp4
codepen-zaXqRn-DRmgQk-1,gemini,llama,https://huggingface.co/datasets/anim2code/baselines/resolve/main/gemini/20260421_081639_2fps/codepen-zaXqRn-DRmgQk-1/animation_30fps.mp4,https://huggingface.co/datasets/anim2code/baselines/resolve/main/llama4_scout/20260422_044813_2fps/codepen-zaXqRn-DRmgQk-1/animation_30fps.mp4,https://huggingface.co/datasets/anim2code/baselines/resolve/main/ground_truth/codepen-zaXqRn-DRmgQk-1.mp4
codepen-zaXqRn-DRmgQk-2,gemini,llama,https://huggingface.co/datasets/anim2code/baselines/resolve/main/gemini/20260421_081639_2fps/codepen-zaXqRn-DRmgQk-2/animation_30fps.mp4,https://huggingface.co/datasets/anim2code/baselines/resolve/main/llama4_scout/20260422_044813_2fps/codepen-zaXqRn-DRmgQk-2/animation_30fps.mp4,https://huggingface.co/datasets/anim2code/baselines/resolve/main/ground_truth/codepen-zaXqRn-DRmgQk-2.mp4
codepen-zaXqRn-DRmgQk-3,gemini,llama,https://huggingface.co/datasets/anim2code/baselines/resolve/main/gemini/20260421_081639_2fps/codepen-zaXqRn-DRmgQk-3/animation_30fps.mp4,https://huggingface.co/datasets/anim2code/baselines/resolve/main/llama4_scout/20260422_044813_2fps/codepen-zaXqRn-DRmgQk-3/animation_30fps.mp4,https://huggingface.co/datasets/anim2code/baselines/resolve/main/ground_truth/codepen-zaXqRn-DRmgQk-3.mp4
codepen-zaXqRn-DRmgQk-4,gemini,llama,https://huggingface.co/datasets/anim2code/baselines/resolve/main/gemini/20260421_081639_2fps/codepen-zaXqRn-DRmgQk-4/animation_30fps.mp4,https://huggingface.co/datasets/anim2code/baselines/resolve/main/llama4_scout/20260422_044813_2fps/codepen-zaXqRn-DRmgQk-4/animation_30fps.mp4,https://huggingface.co/datasets/anim2code/baselines/resolve/main/ground_truth/codepen-zaXqRn-DRmgQk-4.mp4
codepen-zaXqRn-DRmgQk-5,gemini,llama,https://huggingface.co/datasets/anim2code/baselines/resolve/main/gemini/20260421_081639_2fps/codepen-zaXqRn-DRmgQk-5/animation_30fps.mp4,https://huggingface.co/datasets/anim2code/baselines/resolve/main/llama4_scout/20260422_044813_2fps/codepen-zaXqRn-DRmgQk-5/animation_30fps.mp4,https://huggingface.co/datasets/anim2code/baselines/resolve/main/ground_truth/codepen-zaXqRn-DRmgQk-5.mp4
codepen-zaXqRn-DRmgQk-6,gemini,llama,https://huggingface.co/datasets/anim2code/baselines/resolve/main/gemini/20260421_081639_2fps/codepen-zaXqRn-DRmgQk-6/animation_30fps.mp4,https://huggingface.co/datasets/anim2code/baselines/resolve/main/llama4_scout/20260422_044813_2fps/codepen-zaXqRn-DRmgQk-6/animation_30fps.mp4,https://huggingface.co/datasets/anim2code/baselines/resolve/main/ground_truth/codepen-zaXqRn-DRmgQk-6.mp4
codepen-zaXqRn-DRmgQk-7,gemini,llama,https://huggingface.co/datasets/anim2code/baselines/resolve/main/gemini/20260421_081639_2fps/codepen-zaXqRn-DRmgQk-7/animation_30fps.mp4,https://huggingface.co/datasets/anim2code/baselines/resolve/main/llama4_scout/20260422_044813_2fps/codepen-zaXqRn-DRmgQk-7/animation_30fps.mp4,https://huggingface.co/datasets/anim2code/baselines/resolve/main/ground_truth/codepen-zaXqRn-DRmgQk-7.mp4
codepen-zaXqRn-DeVjvG-1,gemini,llama,https://huggingface.co/datasets/anim2code/baselines/resolve/main/gemini/20260421_081639_2fps/codepen-zaXqRn-DeVjvG-1/animation_30fps.mp4,https://huggingface.co/datasets/anim2code/baselines/resolve/main/llama4_scout/20260422_044813_2fps/codepen-zaXqRn-DeVjvG-1/animation_30fps.mp4,https://huggingface.co/datasets/anim2code/baselines/resolve/main/ground_truth/codepen-zaXqRn-DeVjvG-1.mp4
codepen-zaXqRn-DeVjvG-2,gemini,llama,https://huggingface.co/datasets/anim2code/baselines/resolve/main/gemini/20260421_081639_2fps/codepen-zaXqRn-DeVjvG-2/animation_30fps.mp4,https://huggingface.co/datasets/anim2code/baselines/resolve/main/llama4_scout/20260422_044813_2fps/codepen-zaXqRn-DeVjvG-2/animation_30fps.mp4,https://huggingface.co/datasets/anim2code/baselines/resolve/main/ground_truth/codepen-zaXqRn-DeVjvG-2.mp4
codepen-zaXqRn-DeVjvG-3,gemini,llama,https://huggingface.co/datasets/anim2code/baselines/resolve/main/gemini/20260421_081639_2fps/codepen-zaXqRn-DeVjvG-3/animation_30fps.mp4,https://huggingface.co/datasets/anim2code/baselines/resolve/main/llama4_scout/20260422_044813_2fps/codepen-zaXqRn-DeVjvG-3/animation_30fps.mp4,https://huggingface.co/datasets/anim2code/baselines/resolve/main/ground_truth/codepen-zaXqRn-DeVjvG-3.mp4
codepen-zaXqRn-DeVjvG-4,gemini,llama,https://huggingface.co/datasets/anim2code/baselines/resolve/main/gemini/20260421_081639_2fps/codepen-zaXqRn-DeVjvG-4/animation_30fps.mp4,https://huggingface.co/datasets/anim2code/baselines/resolve/main/llama4_scout/20260422_044813_2fps/codepen-zaXqRn-DeVjvG-4/animation_30fps.mp4,https://huggingface.co/datasets/anim2code/baselines/resolve/main/ground_truth/codepen-zaXqRn-DeVjvG-4.mp4
codepen-zaXqRn-GJpxoQ-1,gemini,llama,https://huggingface.co/datasets/anim2code/baselines/resolve/main/gemini/20260421_081639_2fps/codepen-zaXqRn-GJpxoQ-1/animation_30fps.mp4,https://huggingface.co/datasets/anim2code/baselines/resolve/main/llama4_scout/20260422_044813_2fps/codepen-zaXqRn-GJpxoQ-1/animation_30fps.mp4,https://huggingface.co/datasets/anim2code/baselines/resolve/main/ground_truth/codepen-zaXqRn-GJpxoQ-1.mp4
codepen-zaXqRn-GJpxoQ-10,gemini,llama,https://huggingface.co/datasets/anim2code/baselines/resolve/main/gemini/20260421_081639_2fps/codepen-zaXqRn-GJpxoQ-10/animation_30fps.mp4,https://huggingface.co/datasets/anim2code/baselines/resolve/main/llama4_scout/20260422_044813_2fps/codepen-zaXqRn-GJpxoQ-10/animation_30fps.mp4,https://huggingface.co/datasets/anim2code/baselines/resolve/main/ground_truth/codepen-zaXqRn-GJpxoQ-10.mp4
codepen-zaXqRn-GJpxoQ-2,gemini,llama,https://huggingface.co/datasets/anim2code/baselines/resolve/main/gemini/20260421_081639_2fps/codepen-zaXqRn-GJpxoQ-2/animation_30fps.mp4,https://huggingface.co/datasets/anim2code/baselines/resolve/main/llama4_scout/20260422_044813_2fps/codepen-zaXqRn-GJpxoQ-2/animation_30fps.mp4,https://huggingface.co/datasets/anim2code/baselines/resolve/main/ground_truth/codepen-zaXqRn-GJpxoQ-2.mp4
codepen-zaXqRn-GJpxoQ-3,gemini,llama,https://huggingface.co/datasets/anim2code/baselines/resolve/main/gemini/20260421_081639_2fps/codepen-zaXqRn-GJpxoQ-3/animation_30fps.mp4,https://huggingface.co/datasets/anim2code/baselines/resolve/main/llama4_scout/20260422_044813_2fps/codepen-zaXqRn-GJpxoQ-3/animation_30fps.mp4,https://huggingface.co/datasets/anim2code/baselines/resolve/main/ground_truth/codepen-zaXqRn-GJpxoQ-3.mp4
codepen-zaXqRn-GJpxoQ-4,gemini,llama,https://huggingface.co/datasets/anim2code/baselines/resolve/main/gemini/20260421_081639_2fps/codepen-zaXqRn-GJpxoQ-4/animation_30fps.mp4,https://huggingface.co/datasets/anim2code/baselines/resolve/main/llama4_scout/20260422_044813_2fps/codepen-zaXqRn-GJpxoQ-4/animation_30fps.mp4,https://huggingface.co/datasets/anim2code/baselines/resolve/main/ground_truth/codepen-zaXqRn-GJpxoQ-4.mp4
codepen-zaXqRn-GJpxoQ-5,gemini,llama,https://huggingface.co/datasets/anim2code/baselines/resolve/main/gemini/20260421_081639_2fps/codepen-zaXqRn-GJpxoQ-5/animation_30fps.mp4,https://huggingface.co/datasets/anim2code/baselines/resolve/main/llama4_scout/20260422_044813_2fps/codepen-zaXqRn-GJpxoQ-5/animation_30fps.mp4,https://huggingface.co/datasets/anim2code/baselines/resolve/main/ground_truth/codepen-zaXqRn-GJpxoQ-5.mp4
codepen-zaXqRn-GJpxoQ-6,gemini,llama,https://huggingface.co/datasets/anim2code/baselines/resolve/main/gemini/20260421_081639_2fps/codepen-zaXqRn-GJpxoQ-6/animation_30fps.mp4,https://huggingface.co/datasets/anim2code/baselines/resolve/main/llama4_scout/20260422_044813_2fps/codepen-zaXqRn-GJpxoQ-6/animation_30fps.mp4,https://huggingface.co/datasets/anim2code/baselines/resolve/main/ground_truth/codepen-zaXqRn-GJpxoQ-6.mp4
codepen-zaXqRn-GJpxoQ-7,gemini,llama,https://huggingface.co/datasets/anim2code/baselines/resolve/main/gemini/20260421_081639_2fps/codepen-zaXqRn-GJpxoQ-7/animation_30fps.mp4,https://huggingface.co/datasets/anim2code/baselines/resolve/main/llama4_scout/20260422_044813_2fps/codepen-zaXqRn-GJpxoQ-7/animation_30fps.mp4,https://huggingface.co/datasets/anim2code/baselines/resolve/main/ground_truth/codepen-zaXqRn-GJpxoQ-7.mp4
codepen-zaXqRn-GJpxoQ-8,gemini,llama,https://huggingface.co/datasets/anim2code/baselines/resolve/main/gemini/20260421_081639_2fps/codepen-zaXqRn-GJpxoQ-8/animation_30fps.mp4,https://huggingface.co/datasets/anim2code/baselines/resolve/main/llama4_scout/20260422_044813_2fps/codepen-zaXqRn-GJpxoQ-8/animation_30fps.mp4,https://huggingface.co/datasets/anim2code/baselines/resolve/main/ground_truth/codepen-zaXqRn-GJpxoQ-8.mp4
codepen-zaXqRn-GJpxoQ-9,gemini,llama,https://huggingface.co/datasets/anim2code/baselines/resolve/main/gemini/20260421_081639_2fps/codepen-zaXqRn-GJpxoQ-9/animation_30fps.mp4,https://huggingface.co/datasets/anim2code/baselines/resolve/main/llama4_scout/20260422_044813_2fps/codepen-zaXqRn-GJpxoQ-9/animation_30fps.mp4,https://huggingface.co/datasets/anim2code/baselines/resolve/main/ground_truth/codepen-zaXqRn-GJpxoQ-9.mp4
codepen-zaXqRn-GgNMor,gemini,llama,https://huggingface.co/datasets/anim2code/baselines/resolve/main/gemini/20260421_081639_2fps/codepen-zaXqRn-GgNMor/animation_30fps.mp4,https://huggingface.co/datasets/anim2code/baselines/resolve/main/llama4_scout/20260422_044813_2fps/codepen-zaXqRn-GgNMor/animation_30fps.mp4,https://huggingface.co/datasets/anim2code/baselines/resolve/main/ground_truth/codepen-zaXqRn-GgNMor.mp4
codepen-zaXqRn-GppXPM-1,gemini,llama,https://huggingface.co/datasets/anim2code/baselines/resolve/main/gemini/20260421_081639_2fps/codepen-zaXqRn-GppXPM-1/animation_30fps.mp4,https://huggingface.co/datasets/anim2code/baselines/resolve/main/llama4_scout/20260422_044813_2fps/codepen-zaXqRn-GppXPM-1/animation_30fps.mp4,https://huggingface.co/datasets/anim2code/baselines/resolve/main/ground_truth/codepen-zaXqRn-GppXPM-1.mp4
codepen-zaXqRn-GppXPM-2,gemini,llama,https://huggingface.co/datasets/anim2code/baselines/resolve/main/gemini/20260421_081639_2fps/codepen-zaXqRn-GppXPM-2/animation_30fps.mp4,https://huggingface.co/datasets/anim2code/baselines/resolve/main/llama4_scout/20260422_044813_2fps/codepen-zaXqRn-GppXPM-2/animation_30fps.mp4,https://huggingface.co/datasets/anim2code/baselines/resolve/main/ground_truth/codepen-zaXqRn-GppXPM-2.mp4
codepen-zaXqRn-GppXPM-3,gemini,llama,https://huggingface.co/datasets/anim2code/baselines/resolve/main/gemini/20260421_081639_2fps/codepen-zaXqRn-GppXPM-3/animation_30fps.mp4,https://huggingface.co/datasets/anim2code/baselines/resolve/main/llama4_scout/20260422_044813_2fps/codepen-zaXqRn-GppXPM-3/animation_30fps.mp4,https://huggingface.co/datasets/anim2code/baselines/resolve/main/ground_truth/codepen-zaXqRn-GppXPM-3.mp4
codepen-zaXqRn-GppXPM-4,gemini,llama,https://huggingface.co/datasets/anim2code/baselines/resolve/main/gemini/20260421_081639_2fps/codepen-zaXqRn-GppXPM-4/animation_30fps.mp4,https://huggingface.co/datasets/anim2code/baselines/resolve/main/llama4_scout/20260422_044813_2fps/codepen-zaXqRn-GppXPM-4/animation_30fps.mp4,https://huggingface.co/datasets/anim2code/baselines/resolve/main/ground_truth/codepen-zaXqRn-GppXPM-4.mp4
codepen-zaXqRn-KKqeyj-1,gemini,llama,https://huggingface.co/datasets/anim2code/baselines/resolve/main/gemini/20260421_081639_2fps/codepen-zaXqRn-KKqeyj-1/animation_30fps.mp4,https://huggingface.co/datasets/anim2code/baselines/resolve/main/llama4_scout/20260422_044813_2fps/codepen-zaXqRn-KKqeyj-1/animation_30fps.mp4,https://huggingface.co/datasets/anim2code/baselines/resolve/main/ground_truth/codepen-zaXqRn-KKqeyj-1.mp4
codepen-zaXqRn-KKqeyj-2,gemini,llama,https://huggingface.co/datasets/anim2code/baselines/resolve/main/gemini/20260421_081639_2fps/codepen-zaXqRn-KKqeyj-2/animation_30fps.mp4,https://huggingface.co/datasets/anim2code/baselines/resolve/main/llama4_scout/20260422_044813_2fps/codepen-zaXqRn-KKqeyj-2/animation_30fps.mp4,https://huggingface.co/datasets/anim2code/baselines/resolve/main/ground_truth/codepen-zaXqRn-KKqeyj-2.mp4
codepen-zaXqRn-KKqeyj-3,gemini,llama,https://huggingface.co/datasets/anim2code/baselines/resolve/main/gemini/20260421_081639_2fps/codepen-zaXqRn-KKqeyj-3/animation_30fps.mp4,https://huggingface.co/datasets/anim2code/baselines/resolve/main/llama4_scout/20260422_044813_2fps/codepen-zaXqRn-KKqeyj-3/animation_30fps.mp4,https://huggingface.co/datasets/anim2code/baselines/resolve/main/ground_truth/codepen-zaXqRn-KKqeyj-3.mp4
codepen-zaXqRn-KKqeyj-4,gemini,llama,https://huggingface.co/datasets/anim2code/baselines/resolve/main/gemini/20260421_081639_2fps/codepen-zaXqRn-KKqeyj-4/animation_30fps.mp4,https://huggingface.co/datasets/anim2code/baselines/resolve/main/llama4_scout/20260422_044813_2fps/codepen-zaXqRn-KKqeyj-4/animation_30fps.mp4,https://huggingface.co/datasets/anim2code/baselines/resolve/main/ground_truth/codepen-zaXqRn-KKqeyj-4.mp4
codepen-zaXqRn-LExXWW,gemini,llama,https://huggingface.co/datasets/anim2code/baselines/resolve/main/gemini/20260421_081639_2fps/codepen-zaXqRn-LExXWW/animation_30fps.mp4,https://huggingface.co/datasets/anim2code/baselines/resolve/main/llama4_scout/20260422_044813_2fps/codepen-zaXqRn-LExXWW/animation_30fps.mp4,https://huggingface.co/datasets/anim2code/baselines/resolve/main/ground_truth/codepen-zaXqRn-LExXWW.mp4
codepen-zaXqRn-OyJwQx,gemini,llama,https://huggingface.co/datasets/anim2code/baselines/resolve/main/gemini/20260421_081639_2fps/codepen-zaXqRn-OyJwQx/animation_30fps.mp4,https://huggingface.co/datasets/anim2code/baselines/resolve/main/llama4_scout/20260422_044813_2fps/codepen-zaXqRn-OyJwQx/animation_30fps.mp4,https://huggingface.co/datasets/anim2code/baselines/resolve/main/ground_truth/codepen-zaXqRn-OyJwQx.mp4
codepen-zaXqRn-ZEJxpO-1,gemini,llama,https://huggingface.co/datasets/anim2code/baselines/resolve/main/gemini/20260421_081639_2fps/codepen-zaXqRn-ZEJxpO-1/animation_30fps.mp4,https://huggingface.co/datasets/anim2code/baselines/resolve/main/llama4_scout/20260422_044813_2fps/codepen-zaXqRn-ZEJxpO-1/animation_30fps.mp4,https://huggingface.co/datasets/anim2code/baselines/resolve/main/ground_truth/codepen-zaXqRn-ZEJxpO-1.mp4
codepen-zaXqRn-ZEJxpO-2,gemini,llama,https://huggingface.co/datasets/anim2code/baselines/resolve/main/gemini/20260421_081639_2fps/codepen-zaXqRn-ZEJxpO-2/animation_30fps.mp4,https://huggingface.co/datasets/anim2code/baselines/resolve/main/llama4_scout/20260422_044813_2fps/codepen-zaXqRn-ZEJxpO-2/animation_30fps.mp4,https://huggingface.co/datasets/anim2code/baselines/resolve/main/ground_truth/codepen-zaXqRn-ZEJxpO-2.mp4
codepen-zaXqRn-ZEJxpO-3,gemini,llama,https://huggingface.co/datasets/anim2code/baselines/resolve/main/gemini/20260421_081639_2fps/codepen-zaXqRn-ZEJxpO-3/animation_30fps.mp4,https://huggingface.co/datasets/anim2code/baselines/resolve/main/llama4_scout/20260422_044813_2fps/codepen-zaXqRn-ZEJxpO-3/animation_30fps.mp4,https://huggingface.co/datasets/anim2code/baselines/resolve/main/ground_truth/codepen-zaXqRn-ZEJxpO-3.mp4
codepen-zaXqRn-ZEJxpO-4,gemini,llama,https://huggingface.co/datasets/anim2code/baselines/resolve/main/gemini/20260421_081639_2fps/codepen-zaXqRn-ZEJxpO-4/animation_30fps.mp4,https://huggingface.co/datasets/anim2code/baselines/resolve/main/llama4_scout/20260422_044813_2fps/codepen-zaXqRn-ZEJxpO-4/animation_30fps.mp4,https://huggingface.co/datasets/anim2code/baselines/resolve/main/ground_truth/codepen-zaXqRn-ZEJxpO-4.mp4
codepen-zaXqRn-ZEJxpO-5,gemini,llama,https://huggingface.co/datasets/anim2code/baselines/resolve/main/gemini/20260421_081639_2fps/codepen-zaXqRn-ZEJxpO-5/animation_30fps.mp4,https://huggingface.co/datasets/anim2code/baselines/resolve/main/llama4_scout/20260422_044813_2fps/codepen-zaXqRn-ZEJxpO-5/animation_30fps.mp4,https://huggingface.co/datasets/anim2code/baselines/resolve/main/ground_truth/codepen-zaXqRn-ZEJxpO-5.mp4
codepen-zaXqRn-ZEJxpO-6,gemini,llama,https://huggingface.co/datasets/anim2code/baselines/resolve/main/gemini/20260421_081639_2fps/codepen-zaXqRn-ZEJxpO-6/animation_30fps.mp4,https://huggingface.co/datasets/anim2code/baselines/resolve/main/llama4_scout/20260422_044813_2fps/codepen-zaXqRn-ZEJxpO-6/animation_30fps.mp4,https://huggingface.co/datasets/anim2code/baselines/resolve/main/ground_truth/codepen-zaXqRn-ZEJxpO-6.mp4
codepen-zaXqRn-ZEJxpO-7,gemini,llama,https://huggingface.co/datasets/anim2code/baselines/resolve/main/gemini/20260421_081639_2fps/codepen-zaXqRn-ZEJxpO-7/animation_30fps.mp4,https://huggingface.co/datasets/anim2code/baselines/resolve/main/llama4_scout/20260422_044813_2fps/codepen-zaXqRn-ZEJxpO-7/animation_30fps.mp4,https://huggingface.co/datasets/anim2code/baselines/resolve/main/ground_truth/codepen-zaXqRn-ZEJxpO-7.mp4
codepen-zaXqRn-ZEJxpO-8,gemini,llama,https://huggingface.co/datasets/anim2code/baselines/resolve/main/gemini/20260421_081639_2fps/codepen-zaXqRn-ZEJxpO-8/animation_30fps.mp4,https://huggingface.co/datasets/anim2code/baselines/resolve/main/llama4_scout/20260422_044813_2fps/codepen-zaXqRn-ZEJxpO-8/animation_30fps.mp4,https://huggingface.co/datasets/anim2code/baselines/resolve/main/ground_truth/codepen-zaXqRn-ZEJxpO-8.mp4
codepen-zaXqRn-bNpeGE-1,gemini,llama,https://huggingface.co/datasets/anim2code/baselines/resolve/main/gemini/20260421_081639_2fps/codepen-zaXqRn-bNpeGE-1/animation_30fps.mp4,https://huggingface.co/datasets/anim2code/baselines/resolve/main/llama4_scout/20260422_044813_2fps/codepen-zaXqRn-bNpeGE-1/animation_30fps.mp4,https://huggingface.co/datasets/anim2code/baselines/resolve/main/ground_truth/codepen-zaXqRn-bNpeGE-1.mp4
codepen-zaXqRn-bNpeGE-2,gemini,llama,https://huggingface.co/datasets/anim2code/baselines/resolve/main/gemini/20260421_081639_2fps/codepen-zaXqRn-bNpeGE-2/animation_30fps.mp4,https://huggingface.co/datasets/anim2code/baselines/resolve/main/llama4_scout/20260422_044813_2fps/codepen-zaXqRn-bNpeGE-2/animation_30fps.mp4,https://huggingface.co/datasets/anim2code/baselines/resolve/main/ground_truth/codepen-zaXqRn-bNpeGE-2.mp4
codepen-zaXqRn-bNpeGE-3,gemini,llama,https://huggingface.co/datasets/anim2code/baselines/resolve/main/gemini/20260421_081639_2fps/codepen-zaXqRn-bNpeGE-3/animation_30fps.mp4,https://huggingface.co/datasets/anim2code/baselines/resolve/main/llama4_scout/20260422_044813_2fps/codepen-zaXqRn-bNpeGE-3/animation_30fps.mp4,https://huggingface.co/datasets/anim2code/baselines/resolve/main/ground_truth/codepen-zaXqRn-bNpeGE-3.mp4
codepen-zaXqRn-bNpeGE-4,gemini,llama,https://huggingface.co/datasets/anim2code/baselines/resolve/main/gemini/20260421_081639_2fps/codepen-zaXqRn-bNpeGE-4/animation_30fps.mp4,https://huggingface.co/datasets/anim2code/baselines/resolve/main/llama4_scout/20260422_044813_2fps/codepen-zaXqRn-bNpeGE-4/animation_30fps.mp4,https://huggingface.co/datasets/anim2code/baselines/resolve/main/ground_truth/codepen-zaXqRn-bNpeGE-4.mp4
codepen-zaXqRn-bNpeGE-5,gemini,llama,https://huggingface.co/datasets/anim2code/baselines/resolve/main/gemini/20260421_081639_2fps/codepen-zaXqRn-bNpeGE-5/animation_30fps.mp4,https://huggingface.co/datasets/anim2code/baselines/resolve/main/llama4_scout/20260422_044813_2fps/codepen-zaXqRn-bNpeGE-5/animation_30fps.mp4,https://huggingface.co/datasets/anim2code/baselines/resolve/main/ground_truth/codepen-zaXqRn-bNpeGE-5.mp4
codepen-zaXqRn-bNwObp-1,gemini,llama,https://huggingface.co/datasets/anim2code/baselines/resolve/main/gemini/20260421_081639_2fps/codepen-zaXqRn-bNwObp-1/animation_30fps.mp4,https://huggingface.co/datasets/anim2code/baselines/resolve/main/llama4_scout/20260422_044813_2fps/codepen-zaXqRn-bNwObp-1/animation_30fps.mp4,https://huggingface.co/datasets/anim2code/baselines/resolve/main/ground_truth/codepen-zaXqRn-bNwObp-1.mp4
codepen-zaXqRn-bNwObp-2,gemini,llama,https://huggingface.co/datasets/anim2code/baselines/resolve/main/gemini/20260421_081639_2fps/codepen-zaXqRn-bNwObp-2/animation_30fps.mp4,https://huggingface.co/datasets/anim2code/baselines/resolve/main/llama4_scout/20260422_044813_2fps/codepen-zaXqRn-bNwObp-2/animation_30fps.mp4,https://huggingface.co/datasets/anim2code/baselines/resolve/main/ground_truth/codepen-zaXqRn-bNwObp-2.mp4
codepen-zaXqRn-bNwObp-3,gemini,llama,https://huggingface.co/datasets/anim2code/baselines/resolve/main/gemini/20260421_081639_2fps/codepen-zaXqRn-bNwObp-3/animation_30fps.mp4,https://huggingface.co/datasets/anim2code/baselines/resolve/main/llama4_scout/20260422_044813_2fps/codepen-zaXqRn-bNwObp-3/animation_30fps.mp4,https://huggingface.co/datasets/anim2code/baselines/resolve/main/ground_truth/codepen-zaXqRn-bNwObp-3.mp4
codepen-zaXqRn-bNwObp-5,gemini,llama,https://huggingface.co/datasets/anim2code/baselines/resolve/main/gemini/20260421_081639_2fps/codepen-zaXqRn-bNwObp-5/animation_30fps.mp4,https://huggingface.co/datasets/anim2code/baselines/resolve/main/llama4_scout/20260422_044813_2fps/codepen-zaXqRn-bNwObp-5/animation_30fps.mp4,https://huggingface.co/datasets/anim2code/baselines/resolve/main/ground_truth/codepen-zaXqRn-bNwObp-5.mp4
codepen-zaXqRn-bNwObp-6,gemini,llama,https://huggingface.co/datasets/anim2code/baselines/resolve/main/gemini/20260421_081639_2fps/codepen-zaXqRn-bNwObp-6/animation_30fps.mp4,https://huggingface.co/datasets/anim2code/baselines/resolve/main/llama4_scout/20260422_044813_2fps/codepen-zaXqRn-bNwObp-6/animation_30fps.mp4,https://huggingface.co/datasets/anim2code/baselines/resolve/main/ground_truth/codepen-zaXqRn-bNwObp-6.mp4
codepen-zaXqRn-bVQJeV,gemini,llama,https://huggingface.co/datasets/anim2code/baselines/resolve/main/gemini/20260421_081639_2fps/codepen-zaXqRn-bVQJeV/animation_30fps.mp4,https://huggingface.co/datasets/anim2code/baselines/resolve/main/llama4_scout/20260422_044813_2fps/codepen-zaXqRn-bVQJeV/animation_30fps.mp4,https://huggingface.co/datasets/anim2code/baselines/resolve/main/ground_truth/codepen-zaXqRn-bVQJeV.mp4
codepen-zaXqRn-emEKyW-1,gemini,llama,https://huggingface.co/datasets/anim2code/baselines/resolve/main/gemini/20260421_081639_2fps/codepen-zaXqRn-emEKyW-1/animation_30fps.mp4,https://huggingface.co/datasets/anim2code/baselines/resolve/main/llama4_scout/20260422_044813_2fps/codepen-zaXqRn-emEKyW-1/animation_30fps.mp4,https://huggingface.co/datasets/anim2code/baselines/resolve/main/ground_truth/codepen-zaXqRn-emEKyW-1.mp4
codepen-zaXqRn-emEKyW-2,gemini,llama,https://huggingface.co/datasets/anim2code/baselines/resolve/main/gemini/20260421_081639_2fps/codepen-zaXqRn-emEKyW-2/animation_30fps.mp4,https://huggingface.co/datasets/anim2code/baselines/resolve/main/llama4_scout/20260422_044813_2fps/codepen-zaXqRn-emEKyW-2/animation_30fps.mp4,https://huggingface.co/datasets/anim2code/baselines/resolve/main/ground_truth/codepen-zaXqRn-emEKyW-2.mp4
codepen-zaXqRn-emEKyW-3,gemini,llama,https://huggingface.co/datasets/anim2code/baselines/resolve/main/gemini/20260421_081639_2fps/codepen-zaXqRn-emEKyW-3/animation_30fps.mp4,https://huggingface.co/datasets/anim2code/baselines/resolve/main/llama4_scout/20260422_044813_2fps/codepen-zaXqRn-emEKyW-3/animation_30fps.mp4,https://huggingface.co/datasets/anim2code/baselines/resolve/main/ground_truth/codepen-zaXqRn-emEKyW-3.mp4
codepen-zaXqRn-jOqBOr-1,gemini,llama,https://huggingface.co/datasets/anim2code/baselines/resolve/main/gemini/20260421_081639_2fps/codepen-zaXqRn-jOqBOr-1/animation_30fps.mp4,https://huggingface.co/datasets/anim2code/baselines/resolve/main/llama4_scout/20260422_044813_2fps/codepen-zaXqRn-jOqBOr-1/animation_30fps.mp4,https://huggingface.co/datasets/anim2code/baselines/resolve/main/ground_truth/codepen-zaXqRn-jOqBOr-1.mp4
codepen-zaXqRn-jOqBOr-2,gemini,llama,https://huggingface.co/datasets/anim2code/baselines/resolve/main/gemini/20260421_081639_2fps/codepen-zaXqRn-jOqBOr-2/animation_30fps.mp4,https://huggingface.co/datasets/anim2code/baselines/resolve/main/llama4_scout/20260422_044813_2fps/codepen-zaXqRn-jOqBOr-2/animation_30fps.mp4,https://huggingface.co/datasets/anim2code/baselines/resolve/main/ground_truth/codepen-zaXqRn-jOqBOr-2.mp4
codepen-zaXqRn-jOqBOr-3,gemini,llama,https://huggingface.co/datasets/anim2code/baselines/resolve/main/gemini/20260421_081639_2fps/codepen-zaXqRn-jOqBOr-3/animation_30fps.mp4,https://huggingface.co/datasets/anim2code/baselines/resolve/main/llama4_scout/20260422_044813_2fps/codepen-zaXqRn-jOqBOr-3/animation_30fps.mp4,https://huggingface.co/datasets/anim2code/baselines/resolve/main/ground_truth/codepen-zaXqRn-jOqBOr-3.mp4
codepen-zaXqRn-jOqBOr-4,gemini,llama,https://huggingface.co/datasets/anim2code/baselines/resolve/main/gemini/20260421_081639_2fps/codepen-zaXqRn-jOqBOr-4/animation_30fps.mp4,https://huggingface.co/datasets/anim2code/baselines/resolve/main/llama4_scout/20260422_044813_2fps/codepen-zaXqRn-jOqBOr-4/animation_30fps.mp4,https://huggingface.co/datasets/anim2code/baselines/resolve/main/ground_truth/codepen-zaXqRn-jOqBOr-4.mp4
codepen-zaXqRn-jOqBOr-5,gemini,llama,https://huggingface.co/datasets/anim2code/baselines/resolve/main/gemini/20260421_081639_2fps/codepen-zaXqRn-jOqBOr-5/animation_30fps.mp4,https://huggingface.co/datasets/anim2code/baselines/resolve/main/llama4_scout/20260422_044813_2fps/codepen-zaXqRn-jOqBOr-5/animation_30fps.mp4,https://huggingface.co/datasets/anim2code/baselines/resolve/main/ground_truth/codepen-zaXqRn-jOqBOr-5.mp4
codepen-zaXqRn-jOqBOr-6,gemini,llama,https://huggingface.co/datasets/anim2code/baselines/resolve/main/gemini/20260421_081639_2fps/codepen-zaXqRn-jOqBOr-6/animation_30fps.mp4,https://huggingface.co/datasets/anim2code/baselines/resolve/main/llama4_scout/20260422_044813_2fps/codepen-zaXqRn-jOqBOr-6/animation_30fps.mp4,https://huggingface.co/datasets/anim2code/baselines/resolve/main/ground_truth/codepen-zaXqRn-jOqBOr-6.mp4
codepen-zaXqRn-jOqBOr-7,gemini,llama,https://huggingface.co/datasets/anim2code/baselines/resolve/main/gemini/20260421_081639_2fps/codepen-zaXqRn-jOqBOr-7/animation_30fps.mp4,https://huggingface.co/datasets/anim2code/baselines/resolve/main/llama4_scout/20260422_044813_2fps/codepen-zaXqRn-jOqBOr-7/animation_30fps.mp4,https://huggingface.co/datasets/anim2code/baselines/resolve/main/ground_truth/codepen-zaXqRn-jOqBOr-7.mp4
codepen-zaXqRn-jOqBOr-8,gemini,llama,https://huggingface.co/datasets/anim2code/baselines/resolve/main/gemini/20260421_081639_2fps/codepen-zaXqRn-jOqBOr-8/animation_30fps.mp4,https://huggingface.co/datasets/anim2code/baselines/resolve/main/llama4_scout/20260422_044813_2fps/codepen-zaXqRn-jOqBOr-8/animation_30fps.mp4,https://huggingface.co/datasets/anim2code/baselines/resolve/main/ground_truth/codepen-zaXqRn-jOqBOr-8.mp4
codepen-zaXqRn-jOqBOr-9,gemini,llama,https://huggingface.co/datasets/anim2code/baselines/resolve/main/gemini/20260421_081639_2fps/codepen-zaXqRn-jOqBOr-9/animation_30fps.mp4,https://huggingface.co/datasets/anim2code/baselines/resolve/main/llama4_scout/20260422_044813_2fps/codepen-zaXqRn-jOqBOr-9/animation_30fps.mp4,https://huggingface.co/datasets/anim2code/baselines/resolve/main/ground_truth/codepen-zaXqRn-jOqBOr-9.mp4
codepen-zaXqRn-kOeKKy-1,gemini,llama,https://huggingface.co/datasets/anim2code/baselines/resolve/main/gemini/20260421_081639_2fps/codepen-zaXqRn-kOeKKy-1/animation_30fps.mp4,https://huggingface.co/datasets/anim2code/baselines/resolve/main/llama4_scout/20260422_044813_2fps/codepen-zaXqRn-kOeKKy-1/animation_30fps.mp4,https://huggingface.co/datasets/anim2code/baselines/resolve/main/ground_truth/codepen-zaXqRn-kOeKKy-1.mp4
codepen-zaXqRn-kOeKKy-10,gemini,llama,https://huggingface.co/datasets/anim2code/baselines/resolve/main/gemini/20260421_081639_2fps/codepen-zaXqRn-kOeKKy-10/animation_30fps.mp4,https://huggingface.co/datasets/anim2code/baselines/resolve/main/llama4_scout/20260422_044813_2fps/codepen-zaXqRn-kOeKKy-10/animation_30fps.mp4,https://huggingface.co/datasets/anim2code/baselines/resolve/main/ground_truth/codepen-zaXqRn-kOeKKy-10.mp4
codepen-zaXqRn-kOeKKy-11,gemini,llama,https://huggingface.co/datasets/anim2code/baselines/resolve/main/gemini/20260421_081639_2fps/codepen-zaXqRn-kOeKKy-11/animation_30fps.mp4,https://huggingface.co/datasets/anim2code/baselines/resolve/main/llama4_scout/20260422_044813_2fps/codepen-zaXqRn-kOeKKy-11/animation_30fps.mp4,https://huggingface.co/datasets/anim2code/baselines/resolve/main/ground_truth/codepen-zaXqRn-kOeKKy-11.mp4
codepen-zaXqRn-kOeKKy-12,gemini,llama,https://huggingface.co/datasets/anim2code/baselines/resolve/main/gemini/20260421_081639_2fps/codepen-zaXqRn-kOeKKy-12/animation_30fps.mp4,https://huggingface.co/datasets/anim2code/baselines/resolve/main/llama4_scout/20260422_044813_2fps/codepen-zaXqRn-kOeKKy-12/animation_30fps.mp4,https://huggingface.co/datasets/anim2code/baselines/resolve/main/ground_truth/codepen-zaXqRn-kOeKKy-12.mp4
codepen-zaXqRn-kOeKKy-2,gemini,llama,https://huggingface.co/datasets/anim2code/baselines/resolve/main/gemini/20260421_081639_2fps/codepen-zaXqRn-kOeKKy-2/animation_30fps.mp4,https://huggingface.co/datasets/anim2code/baselines/resolve/main/llama4_scout/20260422_044813_2fps/codepen-zaXqRn-kOeKKy-2/animation_30fps.mp4,https://huggingface.co/datasets/anim2code/baselines/resolve/main/ground_truth/codepen-zaXqRn-kOeKKy-2.mp4
codepen-zaXqRn-kOeKKy-3,gemini,llama,https://huggingface.co/datasets/anim2code/baselines/resolve/main/gemini/20260421_081639_2fps/codepen-zaXqRn-kOeKKy-3/animation_30fps.mp4,https://huggingface.co/datasets/anim2code/baselines/resolve/main/llama4_scout/20260422_044813_2fps/codepen-zaXqRn-kOeKKy-3/animation_30fps.mp4,https://huggingface.co/datasets/anim2code/baselines/resolve/main/ground_truth/codepen-zaXqRn-kOeKKy-3.mp4
codepen-zaXqRn-kOeKKy-4,gemini,llama,https://huggingface.co/datasets/anim2code/baselines/resolve/main/gemini/20260421_081639_2fps/codepen-zaXqRn-kOeKKy-4/animation_30fps.mp4,https://huggingface.co/datasets/anim2code/baselines/resolve/main/llama4_scout/20260422_044813_2fps/codepen-zaXqRn-kOeKKy-4/animation_30fps.mp4,https://huggingface.co/datasets/anim2code/baselines/resolve/main/ground_truth/codepen-zaXqRn-kOeKKy-4.mp4
codepen-zaXqRn-kOeKKy-5,gemini,llama,https://huggingface.co/datasets/anim2code/baselines/resolve/main/gemini/20260421_081639_2fps/codepen-zaXqRn-kOeKKy-5/animation_30fps.mp4,https://huggingface.co/datasets/anim2code/baselines/resolve/main/llama4_scout/20260422_044813_2fps/codepen-zaXqRn-kOeKKy-5/animation_30fps.mp4,https://huggingface.co/datasets/anim2code/baselines/resolve/main/ground_truth/codepen-zaXqRn-kOeKKy-5.mp4
codepen-zaXqRn-kOeKKy-6,gemini,llama,https://huggingface.co/datasets/anim2code/baselines/resolve/main/gemini/20260421_081639_2fps/codepen-zaXqRn-kOeKKy-6/animation_30fps.mp4,https://huggingface.co/datasets/anim2code/baselines/resolve/main/llama4_scout/20260422_044813_2fps/codepen-zaXqRn-kOeKKy-6/animation_30fps.mp4,https://huggingface.co/datasets/anim2code/baselines/resolve/main/ground_truth/codepen-zaXqRn-kOeKKy-6.mp4
codepen-zaXqRn-kOeKKy-8,gemini,llama,https://huggingface.co/datasets/anim2code/baselines/resolve/main/gemini/20260421_081639_2fps/codepen-zaXqRn-kOeKKy-8/animation_30fps.mp4,https://huggingface.co/datasets/anim2code/baselines/resolve/main/llama4_scout/20260422_044813_2fps/codepen-zaXqRn-kOeKKy-8/animation_30fps.mp4,https://huggingface.co/datasets/anim2code/baselines/resolve/main/ground_truth/codepen-zaXqRn-kOeKKy-8.mp4
codepen-zaXqRn-kOeKKy-9,gemini,llama,https://huggingface.co/datasets/anim2code/baselines/resolve/main/gemini/20260421_081639_2fps/codepen-zaXqRn-kOeKKy-9/animation_30fps.mp4,https://huggingface.co/datasets/anim2code/baselines/resolve/main/llama4_scout/20260422_044813_2fps/codepen-zaXqRn-kOeKKy-9/animation_30fps.mp4,https://huggingface.co/datasets/anim2code/baselines/resolve/main/ground_truth/codepen-zaXqRn-kOeKKy-9.mp4
codepen-zaXqRn-kawJWE,gemini,llama,https://huggingface.co/datasets/anim2code/baselines/resolve/main/gemini/20260421_081639_2fps/codepen-zaXqRn-kawJWE/animation_30fps.mp4,https://huggingface.co/datasets/anim2code/baselines/resolve/main/llama4_scout/20260422_044813_2fps/codepen-zaXqRn-kawJWE/animation_30fps.mp4,https://huggingface.co/datasets/anim2code/baselines/resolve/main/ground_truth/codepen-zaXqRn-kawJWE.mp4
codepen-zaXqRn-mdrLag-1,gemini,llama,https://huggingface.co/datasets/anim2code/baselines/resolve/main/gemini/20260421_081639_2fps/codepen-zaXqRn-mdrLag-1/animation_30fps.mp4,https://huggingface.co/datasets/anim2code/baselines/resolve/main/llama4_scout/20260422_044813_2fps/codepen-zaXqRn-mdrLag-1/animation_30fps.mp4,https://huggingface.co/datasets/anim2code/baselines/resolve/main/ground_truth/codepen-zaXqRn-mdrLag-1.mp4
codepen-zaXqRn-mdrLag-10,gemini,llama,https://huggingface.co/datasets/anim2code/baselines/resolve/main/gemini/20260421_081639_2fps/codepen-zaXqRn-mdrLag-10/animation_30fps.mp4,https://huggingface.co/datasets/anim2code/baselines/resolve/main/llama4_scout/20260422_044813_2fps/codepen-zaXqRn-mdrLag-10/animation_30fps.mp4,https://huggingface.co/datasets/anim2code/baselines/resolve/main/ground_truth/codepen-zaXqRn-mdrLag-10.mp4
codepen-zaXqRn-mdrLag-2,gemini,llama,https://huggingface.co/datasets/anim2code/baselines/resolve/main/gemini/20260421_081639_2fps/codepen-zaXqRn-mdrLag-2/animation_30fps.mp4,https://huggingface.co/datasets/anim2code/baselines/resolve/main/llama4_scout/20260422_044813_2fps/codepen-zaXqRn-mdrLag-2/animation_30fps.mp4,https://huggingface.co/datasets/anim2code/baselines/resolve/main/ground_truth/codepen-zaXqRn-mdrLag-2.mp4
codepen-zaXqRn-mdrLag-3,gemini,llama,https://huggingface.co/datasets/anim2code/baselines/resolve/main/gemini/20260421_081639_2fps/codepen-zaXqRn-mdrLag-3/animation_30fps.mp4,https://huggingface.co/datasets/anim2code/baselines/resolve/main/llama4_scout/20260422_044813_2fps/codepen-zaXqRn-mdrLag-3/animation_30fps.mp4,https://huggingface.co/datasets/anim2code/baselines/resolve/main/ground_truth/codepen-zaXqRn-mdrLag-3.mp4
codepen-zaXqRn-mdrLag-4,gemini,llama,https://huggingface.co/datasets/anim2code/baselines/resolve/main/gemini/20260421_081639_2fps/codepen-zaXqRn-mdrLag-4/animation_30fps.mp4,https://huggingface.co/datasets/anim2code/baselines/resolve/main/llama4_scout/20260422_044813_2fps/codepen-zaXqRn-mdrLag-4/animation_30fps.mp4,https://huggingface.co/datasets/anim2code/baselines/resolve/main/ground_truth/codepen-zaXqRn-mdrLag-4.mp4
codepen-zaXqRn-mdrLag-5,gemini,llama,https://huggingface.co/datasets/anim2code/baselines/resolve/main/gemini/20260421_081639_2fps/codepen-zaXqRn-mdrLag-5/animation_30fps.mp4,https://huggingface.co/datasets/anim2code/baselines/resolve/main/llama4_scout/20260422_044813_2fps/codepen-zaXqRn-mdrLag-5/animation_30fps.mp4,https://huggingface.co/datasets/anim2code/baselines/resolve/main/ground_truth/codepen-zaXqRn-mdrLag-5.mp4
codepen-zaXqRn-mdrLag-6,gemini,llama,https://huggingface.co/datasets/anim2code/baselines/resolve/main/gemini/20260421_081639_2fps/codepen-zaXqRn-mdrLag-6/animation_30fps.mp4,https://huggingface.co/datasets/anim2code/baselines/resolve/main/llama4_scout/20260422_044813_2fps/codepen-zaXqRn-mdrLag-6/animation_30fps.mp4,https://huggingface.co/datasets/anim2code/baselines/resolve/main/ground_truth/codepen-zaXqRn-mdrLag-6.mp4
codepen-zaXqRn-mdrLag-7,gemini,llama,https://huggingface.co/datasets/anim2code/baselines/resolve/main/gemini/20260421_081639_2fps/codepen-zaXqRn-mdrLag-7/animation_30fps.mp4,https://huggingface.co/datasets/anim2code/baselines/resolve/main/llama4_scout/20260422_044813_2fps/codepen-zaXqRn-mdrLag-7/animation_30fps.mp4,https://huggingface.co/datasets/anim2code/baselines/resolve/main/ground_truth/codepen-zaXqRn-mdrLag-7.mp4
codepen-zaXqRn-mdrLag-8,gemini,llama,https://huggingface.co/datasets/anim2code/baselines/resolve/main/gemini/20260421_081639_2fps/codepen-zaXqRn-mdrLag-8/animation_30fps.mp4,https://huggingface.co/datasets/anim2code/baselines/resolve/main/llama4_scout/20260422_044813_2fps/codepen-zaXqRn-mdrLag-8/animation_30fps.mp4,https://huggingface.co/datasets/anim2code/baselines/resolve/main/ground_truth/codepen-zaXqRn-mdrLag-8.mp4
codepen-zaXqRn-mdrLag-9,gemini,llama,https://huggingface.co/datasets/anim2code/baselines/resolve/main/gemini/20260421_081639_2fps/codepen-zaXqRn-mdrLag-9/animation_30fps.mp4,https://huggingface.co/datasets/anim2code/baselines/resolve/main/llama4_scout/20260422_044813_2fps/codepen-zaXqRn-mdrLag-9/animation_30fps.mp4,https://huggingface.co/datasets/anim2code/baselines/resolve/main/ground_truth/codepen-zaXqRn-mdrLag-9.mp4
codepen-zaXqRn-nBQmJj,gemini,llama,https://huggingface.co/datasets/anim2code/baselines/resolve/main/gemini/20260421_081639_2fps/codepen-zaXqRn-nBQmJj/animation_30fps.mp4,https://huggingface.co/datasets/anim2code/baselines/resolve/main/llama4_scout/20260422_044813_2fps/codepen-zaXqRn-nBQmJj/animation_30fps.mp4,https://huggingface.co/datasets/anim2code/baselines/resolve/main/ground_truth/codepen-zaXqRn-nBQmJj.mp4
codepen-zaXqRn-ndxGJq-1,gemini,llama,https://huggingface.co/datasets/anim2code/baselines/resolve/main/gemini/20260421_081639_2fps/codepen-zaXqRn-ndxGJq-1/animation_30fps.mp4,https://huggingface.co/datasets/anim2code/baselines/resolve/main/llama4_scout/20260422_044813_2fps/codepen-zaXqRn-ndxGJq-1/animation_30fps.mp4,https://huggingface.co/datasets/anim2code/baselines/resolve/main/ground_truth/codepen-zaXqRn-ndxGJq-1.mp4
codepen-zaXqRn-ndxGJq-2,gemini,llama,https://huggingface.co/datasets/anim2code/baselines/resolve/main/gemini/20260421_081639_2fps/codepen-zaXqRn-ndxGJq-2/animation_30fps.mp4,https://huggingface.co/datasets/anim2code/baselines/resolve/main/llama4_scout/20260422_044813_2fps/codepen-zaXqRn-ndxGJq-2/animation_30fps.mp4,https://huggingface.co/datasets/anim2code/baselines/resolve/main/ground_truth/codepen-zaXqRn-ndxGJq-2.mp4
codepen-zaXqRn-ndxGJq-3,gemini,llama,https://huggingface.co/datasets/anim2code/baselines/resolve/main/gemini/20260421_081639_2fps/codepen-zaXqRn-ndxGJq-3/animation_30fps.mp4,https://huggingface.co/datasets/anim2code/baselines/resolve/main/llama4_scout/20260422_044813_2fps/codepen-zaXqRn-ndxGJq-3/animation_30fps.mp4,https://huggingface.co/datasets/anim2code/baselines/resolve/main/ground_truth/codepen-zaXqRn-ndxGJq-3.mp4
codepen-zaXqRn-ndxGJq-4,gemini,llama,https://huggingface.co/datasets/anim2code/baselines/resolve/main/gemini/20260421_081639_2fps/codepen-zaXqRn-ndxGJq-4/animation_30fps.mp4,https://huggingface.co/datasets/anim2code/baselines/resolve/main/llama4_scout/20260422_044813_2fps/codepen-zaXqRn-ndxGJq-4/animation_30fps.mp4,https://huggingface.co/datasets/anim2code/baselines/resolve/main/ground_truth/codepen-zaXqRn-ndxGJq-4.mp4
codepen-zaXqRn-ndxGJq-5,gemini,llama,https://huggingface.co/datasets/anim2code/baselines/resolve/main/gemini/20260421_081639_2fps/codepen-zaXqRn-ndxGJq-5/animation_30fps.mp4,https://huggingface.co/datasets/anim2code/baselines/resolve/main/llama4_scout/20260422_044813_2fps/codepen-zaXqRn-ndxGJq-5/animation_30fps.mp4,https://huggingface.co/datasets/anim2code/baselines/resolve/main/ground_truth/codepen-zaXqRn-ndxGJq-5.mp4
codepen-zaXqRn-nmvyPO,gemini,llama,https://huggingface.co/datasets/anim2code/baselines/resolve/main/gemini/20260421_081639_2fps/codepen-zaXqRn-nmvyPO/animation_30fps.mp4,https://huggingface.co/datasets/anim2code/baselines/resolve/main/llama4_scout/20260422_044813_2fps/codepen-zaXqRn-nmvyPO/animation_30fps.mp4,https://huggingface.co/datasets/anim2code/baselines/resolve/main/ground_truth/codepen-zaXqRn-nmvyPO.mp4
codepen-zaXqRn-nwpKrg-1,gemini,llama,https://huggingface.co/datasets/anim2code/baselines/resolve/main/gemini/20260421_081639_2fps/codepen-zaXqRn-nwpKrg-1/animation_30fps.mp4,https://huggingface.co/datasets/anim2code/baselines/resolve/main/llama4_scout/20260422_044813_2fps/codepen-zaXqRn-nwpKrg-1/animation_30fps.mp4,https://huggingface.co/datasets/anim2code/baselines/resolve/main/ground_truth/codepen-zaXqRn-nwpKrg-1.mp4
codepen-zaXqRn-nwpKrg-2,gemini,llama,https://huggingface.co/datasets/anim2code/baselines/resolve/main/gemini/20260421_081639_2fps/codepen-zaXqRn-nwpKrg-2/animation_30fps.mp4,https://huggingface.co/datasets/anim2code/baselines/resolve/main/llama4_scout/20260422_044813_2fps/codepen-zaXqRn-nwpKrg-2/animation_30fps.mp4,https://huggingface.co/datasets/anim2code/baselines/resolve/main/ground_truth/codepen-zaXqRn-nwpKrg-2.mp4
codepen-zaXqRn-nwpKrg-3,gemini,llama,https://huggingface.co/datasets/anim2code/baselines/resolve/main/gemini/20260421_081639_2fps/codepen-zaXqRn-nwpKrg-3/animation_30fps.mp4,https://huggingface.co/datasets/anim2code/baselines/resolve/main/llama4_scout/20260422_044813_2fps/codepen-zaXqRn-nwpKrg-3/animation_30fps.mp4,https://huggingface.co/datasets/anim2code/baselines/resolve/main/ground_truth/codepen-zaXqRn-nwpKrg-3.mp4
codepen-zaXqRn-nwpKrg-4,gemini,llama,https://huggingface.co/datasets/anim2code/baselines/resolve/main/gemini/20260421_081639_2fps/codepen-zaXqRn-nwpKrg-4/animation_30fps.mp4,https://huggingface.co/datasets/anim2code/baselines/resolve/main/llama4_scout/20260422_044813_2fps/codepen-zaXqRn-nwpKrg-4/animation_30fps.mp4,https://huggingface.co/datasets/anim2code/baselines/resolve/main/ground_truth/codepen-zaXqRn-nwpKrg-4.mp4
codepen-zaXqRn-nwpKrg-5,gemini,llama,https://huggingface.co/datasets/anim2code/baselines/resolve/main/gemini/20260421_081639_2fps/codepen-zaXqRn-nwpKrg-5/animation_30fps.mp4,https://huggingface.co/datasets/anim2code/baselines/resolve/main/llama4_scout/20260422_044813_2fps/codepen-zaXqRn-nwpKrg-5/animation_30fps.mp4,https://huggingface.co/datasets/anim2code/baselines/resolve/main/ground_truth/codepen-zaXqRn-nwpKrg-5.mp4
codepen-zaXqRn-vYVLeB-1,gemini,llama,https://huggingface.co/datasets/anim2code/baselines/resolve/main/gemini/20260421_081639_2fps/codepen-zaXqRn-vYVLeB-1/animation_30fps.mp4,https://huggingface.co/datasets/anim2code/baselines/resolve/main/llama4_scout/20260422_044813_2fps/codepen-zaXqRn-vYVLeB-1/animation_30fps.mp4,https://huggingface.co/datasets/anim2code/baselines/resolve/main/ground_truth/codepen-zaXqRn-vYVLeB-1.mp4
codepen-zaXqRn-vYVLeB-10,gemini,llama,https://huggingface.co/datasets/anim2code/baselines/resolve/main/gemini/20260421_081639_2fps/codepen-zaXqRn-vYVLeB-10/animation_30fps.mp4,https://huggingface.co/datasets/anim2code/baselines/resolve/main/llama4_scout/20260422_044813_2fps/codepen-zaXqRn-vYVLeB-10/animation_30fps.mp4,https://huggingface.co/datasets/anim2code/baselines/resolve/main/ground_truth/codepen-zaXqRn-vYVLeB-10.mp4
codepen-zaXqRn-vYVLeB-11,gemini,llama,https://huggingface.co/datasets/anim2code/baselines/resolve/main/gemini/20260421_081639_2fps/codepen-zaXqRn-vYVLeB-11/animation_30fps.mp4,https://huggingface.co/datasets/anim2code/baselines/resolve/main/llama4_scout/20260422_044813_2fps/codepen-zaXqRn-vYVLeB-11/animation_30fps.mp4,https://huggingface.co/datasets/anim2code/baselines/resolve/main/ground_truth/codepen-zaXqRn-vYVLeB-11.mp4
codepen-zaXqRn-vYVLeB-2,gemini,llama,https://huggingface.co/datasets/anim2code/baselines/resolve/main/gemini/20260421_081639_2fps/codepen-zaXqRn-vYVLeB-2/animation_30fps.mp4,https://huggingface.co/datasets/anim2code/baselines/resolve/main/llama4_scout/20260422_044813_2fps/codepen-zaXqRn-vYVLeB-2/animation_30fps.mp4,https://huggingface.co/datasets/anim2code/baselines/resolve/main/ground_truth/codepen-zaXqRn-vYVLeB-2.mp4
codepen-zaXqRn-vYVLeB-3,gemini,llama,https://huggingface.co/datasets/anim2code/baselines/resolve/main/gemini/20260421_081639_2fps/codepen-zaXqRn-vYVLeB-3/animation_30fps.mp4,https://huggingface.co/datasets/anim2code/baselines/resolve/main/llama4_scout/20260422_044813_2fps/codepen-zaXqRn-vYVLeB-3/animation_30fps.mp4,https://huggingface.co/datasets/anim2code/baselines/resolve/main/ground_truth/codepen-zaXqRn-vYVLeB-3.mp4
codepen-zaXqRn-vYVLeB-4,gemini,llama,https://huggingface.co/datasets/anim2code/baselines/resolve/main/gemini/20260421_081639_2fps/codepen-zaXqRn-vYVLeB-4/animation_30fps.mp4,https://huggingface.co/datasets/anim2code/baselines/resolve/main/llama4_scout/20260422_044813_2fps/codepen-zaXqRn-vYVLeB-4/animation_30fps.mp4,https://huggingface.co/datasets/anim2code/baselines/resolve/main/ground_truth/codepen-zaXqRn-vYVLeB-4.mp4
codepen-zaXqRn-vYVLeB-5,gemini,llama,https://huggingface.co/datasets/anim2code/baselines/resolve/main/gemini/20260421_081639_2fps/codepen-zaXqRn-vYVLeB-5/animation_30fps.mp4,https://huggingface.co/datasets/anim2code/baselines/resolve/main/llama4_scout/20260422_044813_2fps/codepen-zaXqRn-vYVLeB-5/animation_30fps.mp4,https://huggingface.co/datasets/anim2code/baselines/resolve/main/ground_truth/codepen-zaXqRn-vYVLeB-5.mp4
codepen-zaXqRn-vYVLeB-6,gemini,llama,https://huggingface.co/datasets/anim2code/baselines/resolve/main/gemini/20260421_081639_2fps/codepen-zaXqRn-vYVLeB-6/animation_30fps.mp4,https://huggingface.co/datasets/anim2code/baselines/resolve/main/llama4_scout/20260422_044813_2fps/codepen-zaXqRn-vYVLeB-6/animation_30fps.mp4,https://huggingface.co/datasets/anim2code/baselines/resolve/main/ground_truth/codepen-zaXqRn-vYVLeB-6.mp4
codepen-zaXqRn-vYVLeB-7,gemini,llama,https://huggingface.co/datasets/anim2code/baselines/resolve/main/gemini/20260421_081639_2fps/codepen-zaXqRn-vYVLeB-7/animation_30fps.mp4,https://huggingface.co/datasets/anim2code/baselines/resolve/main/llama4_scout/20260422_044813_2fps/codepen-zaXqRn-vYVLeB-7/animation_30fps.mp4,https://huggingface.co/datasets/anim2code/baselines/resolve/main/ground_truth/codepen-zaXqRn-vYVLeB-7.mp4
codepen-zaXqRn-vYVLeB-8,gemini,llama,https://huggingface.co/datasets/anim2code/baselines/resolve/main/gemini/20260421_081639_2fps/codepen-zaXqRn-vYVLeB-8/animation_30fps.mp4,https://huggingface.co/datasets/anim2code/baselines/resolve/main/llama4_scout/20260422_044813_2fps/codepen-zaXqRn-vYVLeB-8/animation_30fps.mp4,https://huggingface.co/datasets/anim2code/baselines/resolve/main/ground_truth/codepen-zaXqRn-vYVLeB-8.mp4
codepen-zaXqRn-vYVLeB-9,gemini,llama,https://huggingface.co/datasets/anim2code/baselines/resolve/main/gemini/20260421_081639_2fps/codepen-zaXqRn-vYVLeB-9/animation_30fps.mp4,https://huggingface.co/datasets/anim2code/baselines/resolve/main/llama4_scout/20260422_044813_2fps/codepen-zaXqRn-vYVLeB-9/animation_30fps.mp4,https://huggingface.co/datasets/anim2code/baselines/resolve/main/ground_truth/codepen-zaXqRn-vYVLeB-9.mp4
codepen-zaXqRn-yyKWpq-1,gemini,llama,https://huggingface.co/datasets/anim2code/baselines/resolve/main/gemini/20260421_081639_2fps/codepen-zaXqRn-yyKWpq-1/animation_30fps.mp4,https://huggingface.co/datasets/anim2code/baselines/resolve/main/llama4_scout/20260422_044813_2fps/codepen-zaXqRn-yyKWpq-1/animation_30fps.mp4,https://huggingface.co/datasets/anim2code/baselines/resolve/main/ground_truth/codepen-zaXqRn-yyKWpq-1.mp4
codepen-zaXqRn-yyKWpq-2,gemini,llama,https://huggingface.co/datasets/anim2code/baselines/resolve/main/gemini/20260421_081639_2fps/codepen-zaXqRn-yyKWpq-2/animation_30fps.mp4,https://huggingface.co/datasets/anim2code/baselines/resolve/main/llama4_scout/20260422_044813_2fps/codepen-zaXqRn-yyKWpq-2/animation_30fps.mp4,https://huggingface.co/datasets/anim2code/baselines/resolve/main/ground_truth/codepen-zaXqRn-yyKWpq-2.mp4
codepen-zaXqRn-yyKWpq-3,gemini,llama,https://huggingface.co/datasets/anim2code/baselines/resolve/main/gemini/20260421_081639_2fps/codepen-zaXqRn-yyKWpq-3/animation_30fps.mp4,https://huggingface.co/datasets/anim2code/baselines/resolve/main/llama4_scout/20260422_044813_2fps/codepen-zaXqRn-yyKWpq-3/animation_30fps.mp4,https://huggingface.co/datasets/anim2code/baselines/resolve/main/ground_truth/codepen-zaXqRn-yyKWpq-3.mp4
codepen-zaXqRn-yyKWpq-4,gemini,llama,https://huggingface.co/datasets/anim2code/baselines/resolve/main/gemini/20260421_081639_2fps/codepen-zaXqRn-yyKWpq-4/animation_30fps.mp4,https://huggingface.co/datasets/anim2code/baselines/resolve/main/llama4_scout/20260422_044813_2fps/codepen-zaXqRn-yyKWpq-4/animation_30fps.mp4,https://huggingface.co/datasets/anim2code/baselines/resolve/main/ground_truth/codepen-zaXqRn-yyKWpq-4.mp4
codepen-zaXqRn-yyKWpq-5,gemini,llama,https://huggingface.co/datasets/anim2code/baselines/resolve/main/gemini/20260421_081639_2fps/codepen-zaXqRn-yyKWpq-5/animation_30fps.mp4,https://huggingface.co/datasets/anim2code/baselines/resolve/main/llama4_scout/20260422_044813_2fps/codepen-zaXqRn-yyKWpq-5/animation_30fps.mp4,https://huggingface.co/datasets/anim2code/baselines/resolve/main/ground_truth/codepen-zaXqRn-yyKWpq-5.mp4
codepen-zaXqRn-yyKWpq-6,gemini,llama,https://huggingface.co/datasets/anim2code/baselines/resolve/main/gemini/20260421_081639_2fps/codepen-zaXqRn-yyKWpq-6/animation_30fps.mp4,https://huggingface.co/datasets/anim2code/baselines/resolve/main/llama4_scout/20260422_044813_2fps/codepen-zaXqRn-yyKWpq-6/animation_30fps.mp4,https://huggingface.co/datasets/anim2code/baselines/resolve/main/ground_truth/codepen-zaXqRn-yyKWpq-6.mp4
codepen-zaXqRn-yyKWpq-7,gemini,llama,https://huggingface.co/datasets/anim2code/baselines/resolve/main/gemini/20260421_081639_2fps/codepen-zaXqRn-yyKWpq-7/animation_30fps.mp4,https://huggingface.co/datasets/anim2code/baselines/resolve/main/llama4_scout/20260422_044813_2fps/codepen-zaXqRn-yyKWpq-7/animation_30fps.mp4,https://huggingface.co/datasets/anim2code/baselines/resolve/main/ground_truth/codepen-zaXqRn-yyKWpq-7.mp4
codepen-zaXqRn-yyKWpq-8,gemini,llama,https://huggingface.co/datasets/anim2code/baselines/resolve/main/gemini/20260421_081639_2fps/codepen-zaXqRn-yyKWpq-8/animation_30fps.mp4,https://huggingface.co/datasets/anim2code/baselines/resolve/main/llama4_scout/20260422_044813_2fps/codepen-zaXqRn-yyKWpq-8/animation_30fps.mp4,https://huggingface.co/datasets/anim2code/baselines/resolve/main/ground_truth/codepen-zaXqRn-yyKWpq-8.mp4
codepen-zaXqRn-yyKWpq-9,gemini,llama,https://huggingface.co/datasets/anim2code/baselines/resolve/main/gemini/20260421_081639_2fps/codepen-zaXqRn-yyKWpq-9/animation_30fps.mp4,https://huggingface.co/datasets/anim2code/baselines/resolve/main/llama4_scout/20260422_044813_2fps/codepen-zaXqRn-yyKWpq-9/animation_30fps.mp4,https://huggingface.co/datasets/anim2code/baselines/resolve/main/ground_truth/codepen-zaXqRn-yyKWpq-9.mp4
codepen-zaXqRn-zvWEda,gemini,llama,https://huggingface.co/datasets/anim2code/baselines/resolve/main/gemini/20260421_081639_2fps/codepen-zaXqRn-zvWEda/animation_30fps.mp4,https://huggingface.co/datasets/anim2code/baselines/resolve/main/llama4_scout/20260422_044813_2fps/codepen-zaXqRn-zvWEda/animation_30fps.mp4,https://huggingface.co/datasets/anim2code/baselines/resolve/main/ground_truth/codepen-zaXqRn-zvWEda.mp4
